text,category,is_emergency,style,subcategory
"У нас в квартире 15, подъезд 3 уже вторую неделю очень слабый напор горячей воды. Принимать душ невозможно. Прошу устранить неисправность.",water,0,formal,слабый напор
вот блин уже долго вода еле течет из крана на кухне подъезд первый квартира 32 когда уже почините?,water,0,voice,слабый напор
"Крн на кухне подтекает уже 3 дня. Ведро подставил, но капать не перестаёт. Кв 54, пд2",water,0,typo,капающий кран
"Что за безобразие! Уже месяц холодная вода еле течет! Вы вообще работаете или только деньги собираететь? Буду жаловаться в жилищную инспекцию! Кв. 12, подъезд 4.",water,0,emotional,слабый напор
вода ржавая из крана 3 подъезд,water,0,short,ржавая вода
"Добрый день! В квартире 35, подъезд 3, наблюдается слабый напор холодной воды уже третий день. Прошу разобраться с ситуацией.",water,0,formal,слабый напор ХВС
да здравствуйте тут кароче из крана горячей вода течет еле теплая уже неделю как с этим быть,water,0,voice,слабая температура ГВС
"В 4 подезде из крана льетсч ледяная вода вместо горячей, исправте пожалуйста",water,0,typo,холодная вода вместо ГВС
"Вы что, совсем охренели?! Три недели горячая вода чуть теплая! Я уже звонил сто раз, а толку ноль! Сейчас в ГЖИ на вас жаловаться пойду!!!",water,0,emotional,слабая температура ГВС
вода холодная из крана 2 подъезд,water,0,short,холодная вода вместо ГВС
"Срочно, 3 подъезд! Прорвало трубу ГВС на 5 этаже, кипяток льется по лестнице, люди не могут пройти! Вызовите аварийку!",water,1,emotional,прорыв трубы ГВС
да прорвало трубу в подвале вода льётся как из ведра уже весь пол затопило что делать,water,1,voice,прорыв трубы ХВС
"Кв 12, срочно! Засор унитаза, вода переливается через край, уже льется на пол! Нужен сантехник немедленно!",water,1,formal,засор канализации
всё заливает вода течёт из потолка в коридоре 2 подъезд скорее приезжайте,water,1,typo,протечка сверху
"канализация засорилась, стоки в подвале",water,1,short,засор канализации
"Добрый день! В третьем подъезде на первом этаже произошёл прорыв трубы горячего водоснабжения. Вода затапливает подъезд, перекрывайте подачу и срочно выезжайте!",water,1,formal,прорыв трубы
да здравствуйте тут кароче в подвале по гвс трубу прорвало кипяток бьет фонтаном заливает все вокруг быстрее приезжайте ато потоп будет,water,1,voice,прорыв трубы
Кв 24 3этаж нельза закрыть кран в ванной!вода льетса на пол помоите пажалуйста срочна,water,1,typo,срыв крана
"Что за безобразие!!! В пятом подъезде канализацию забило так, что стоки выливаются на лестничную площадку! Вонь ужасная, дети не могут пройти! Если не приедете в течение часа, пишу в ГЖИ и в прокуратуру!",water,1,emotional,засор канализации
кипяток из трубы подвал 1,water,1,short,прорыв трубы
"В подъезде №3 на втором этаже перегорела лампочка, уже неделю темно. Прошу заменить.",light,0,formal,перегорела лампочка
дайте уже свет в подъезде а то как в пещере ходим пятый день щас кто-нибудь упадет и все,light,0,voice,отсутствие освещения
в 4 подезде не рабтает свет на лестничнй клетке срочн почините а то опасно,light,0,typo,неисправность освещения
"Опять этот вечный мрак в подъезде! Сколько можно терпеть? Где ваши электрики, в отпуске что ли? Пишу в ГЖИ!",light,0,emotional,длительное отсутствие света
во дворе фонарь мигает,light,0,short,неисправность уличного освещения
"Уважаемая УК, в подъезде №3 уже неделю не горит свет на втором этаже. Прошу устранить неисправность.",light,0,formal,отсутствие освещения в подъезде
да это ж совсем темно в подъезде лампочки еле горят скоро совсем перегорят че вообще делаете,light,0,voice,тусклое освещение
в 4 подъзде лампочка мигает уже 2 дня может крткое замыкание?,light,0,typo,мигающий свет
"Какого черта во дворе не работает фонарь уже месяц?! Это же опасно, дети гуляют! Пишу в ГЖИ, если не исправите!",light,0,emotional,неисправность уличного освещения
щитовая дверь не закрывается. 1 подъезд.,light,0,short,незакрывающийся электрощиток
"Срочно! В подъезде №3 на третьем этаже искрит распределительный щиток, идет дым и запах гари! Немедленно отправьте электрика, пока не начался пожар!",light,1,emotional,искрение щитка
да здравствуйте тут кароче в щитовой на первом этаже треск стоит и искры летят с проводов блин пжлста быстрее приезжайте а то ща загорится,light,1,voice,искрение проводов
"В подвале дома воспламенилась проводка, идет черный дым! Срочно вызывайте МЧС и обесточьте дом!",light,1,short,возгорание проводки
Здрвствуйте! В пдъезде №2 на 5 этаже из розетки искры и запах паленой проводки. Проживаю в кв. 512. Срочно пришлите электрика!,light,1,typo,искрение розетки
"Уважаемая управляющая компания! В подъезде №1 на первом этаже произошло короткое замыкание в электрощитке, идет сильный запах гари. Прошу немедленно направить аварийную службу для устранения неисправности. Бездействие может привести к пожару!",light,1,formal,короткое замыкание
"Срочно! В щитовой на первом этаже искрит и пахнет горелым, дым идет! Немедленно отправьте электрика!",light,1,formal,искрение в щитовой
да это авария кароче в подъезде провода дымятся и искрят щас пожар будет приезжайте скорее,light,1,voice,дым от проводов
Видят литкровый щиток на 3эт искрит и трещит срочно нужно выключать электричество опасно,light,1,typo,искрение в щитке
"Вы вообще там живете?! Щитовая горит, дым валит, а вы сидите, гады! Я уже пожарных вызвала!",light,1,emotional,возгорание в щитовой
провода искрят дым 2 подъезд,light,1,short,искрение проводов
"Добрый день, в квартире 5 подъезда 3 батареи чуть теплые, температура в комнатах 18 градусов. Прошу разобраться с подачей тепла.",heating,0,formal,холодные батареи
да это кошмар просто батареи еле теплые мерзнем как собаки че за фигня такая вызовите сантехника плиз,heating,0,voice,низкая температура
Здрвствуйте у нас в 7 пдъезде на 3 этже батреи холодные ччто за хлднца така я уже неделю мерзну,heating,0,typo,отсутствие тепла
"Это просто издевательство! Батареи ледяные, в квартире +16! УК совсем обнаглела, не хотят нормально топить! Пишу жалобу в ГЖИ, надоели уже эти кошмары каждую зиму!",heating,0,emotional,плохое отопление
батареи холодные 4 подъезд,heating,0,short,нет тепла
Добрый день! В квартире №5 подъезд 3 батареи едва теплые. Прошу разобраться с подачей отопления.,heating,0,formal,холодные батареи
такс в кухне батарея прям горячая а в зале чуть теплая это как вообще понять норма или нет,heating,0,voice,неравномерный нагрев
Здрвствуйте! В кв 12 подъезд 1 из стойка течет капает пршу устранить.,heating,0,typo,течь стояка
"Что за бардак!!! Третий день батареи как ледышки, дети мерзнут! Если до завтра не исправят, пишу в ГЖИ и прокуратуру!",heating,0,emotional,отсутствие отопления
в спальне батарея холодная 4 подъезд,heating,0,short,холодные батареи
"Срочно требуется помощь! В квартире 3 на 5 этаже лопнул радиатор отопления, кипяток заливает пол. Температура на улице -20°C, есть риск заморозки стояка!",heating,1,formal,лопнул радиатор
да это кароче жопа полная батарея на 8м этаже лопнула и кипяток льётся везде срочно приезжайте а то соседи снизу уже ругаются,heating,1,voice,лопнул радиатор
в 4 подезде на 6 этажа батарея лопнула кипяток льетсья везде срочно приезжайте промокаем,heating,1,typo,лопнул радиатор
"Что за бардак, блин?! Всю квартиру залило кипятком из-за лопнувшей батареи! Вы хотя бы раз в год проверяете эту рухлядь?! Срочно приезжайте, а то пишу жалобу в ГЖИ и прокуратуру!",heating,1,emotional,лопнул радиатор
лопнула батарея 6 эт кипяток,heating,1,short,лопнул радиатор
"В квартире 45, подъезд 3, батарея лопнула, вода бьет фонтаном! Срочно высылайте аварийку, затапливает все вокруг!",heating,1,emotional,разрыв батареи
да тут в 5 подъезде трубу отопления разорвало кипяток хлещет по стенам люди обожглись уже шлепают по лестнице как после бани,heating,1,voice,прорыв трубы
"3эт. кв7. батареи холодные, а на ул -20! дети замерзают, срочно устраняйте!",heating,1,formal,отсутствие отопления
всю ночь шипело в стояке щас сочится кипяток сквозь плиту этажом ниже кв12 4под,heating,1,typo,течь стояка
пар из розеток! 2 этаж,heating,1,short,завоздушивание
"В подъезде №3 не закрывается входная дверь, доводчик сломан. Прошу устранить неисправность.",door,0,formal,доводчик двери
да тут вторая парадная дверь хлопает как пулемет ночью соседи ругаются уже,door,0,voice,хлопающая дверь
В 5 пдзеде домофон не рботает с понедельника никак не могу дозвонитсь,door,0,typo,домофон
"Сколько можно терпеть этот треклятый сломанный замок в подвале?! Чуть пальцы не оторвало, когда заело! Завтра же пишу в ГЖИ, если не почините!",door,0,emotional,замок подвала
дверь в подвал не закрывается,door,0,short,дверь подвала
"В подъезде №3 сломалась входная дверь, не закрывается, прошу устранить неисправность.",door,0,formal,сломана входная дверь
да это опять соседи с 5 этажа дверь хлопают так что стекла дребезжат каждый день одно и то же,door,0,voice,шум от двери
в 1м подезде двеь не окрывается с домофона кнопка не работает 3й день,door,0,typo,не работает домофон
"Да сколько можно терпеть эту вашу дверь в подвале! Она скрипит, как поезд на смазке из песка! Вы там вообще работаете или зарплату просто получаете?!",door,0,emotional,скрип двери подвала
доводчик сломан 4 подъезд,door,0,short,неисправность доводчика
"СРОЧНО! Входная дверь подъезда №3 не открывается снаружи, заклинило замок! Люди не могут попасть домой, на улице -15°C, есть дети и старики! Немедленно пришлите АДС!",door,1,emotional,заклинило входную дверь
да этож пиздец дверь в подвал намертво захлопнулась а там трубы гвс текут и счетчик моргает как новогодняя елка срочно взламывайте а то ща бабахнет,door,1,voice,заблокирован подвал
Дверь в эвакуационный выход 5 этажа не открывается изнутри! Это нарушение пожарной безопасности! Немедленно устраните! Квартира 57.,door,1,formal,заблокирован эвакуационный выход
крч дверь щитовой на 1эт не фига не открывется а оттуда пахнет гарью и искры летят щас пожар будет,door,1,typo,заблокирован щитовой
сломалась дверь подъезда. застрял ребенок.,door,1,short,заклинило дверь с человеком
"Срочно! В подъезде №3 сломалась входная дверь - не закрывается вообще, любой может зайти! Это опасно, немедленно почините!",door,1,emotional,сломана входная дверь
в 4 подъезде дверь в подвал сорвана с петель и валяется на полу кто-то может упасть в открытый проем срочно нужно фиксить,door,1,voice,дверь подвала разрушена
кв 145 дверь в щитковую заклинило не открывается а там искрит и пахнет горелым высылайте аварийку срочн,door,1,typo,дверь электрощитовой заклинило
"Прошу срочно устранить неисправность: в подъезде №2 аварийный выход заблокирован сломанной дверью, что нарушает требования пожарной безопасности.",door,1,formal,заблокирован аварийный выход
дверь подвала хлопает на ветру - сорвет и убьет кого-то!,door,1,short,оторванная дверь подвала
Прошу принять меры по уборке подъезда №3. На лестничных пролётах уже неделю валяется мусор и пыль.,cleaning,0,formal,грязь в подъезде
да тут у вас в пятом подъезде мусорка переполнена второй день и воняет жутко когда уберёте наконец,cleaning,0,voice,переполненный мусоропровод
во дворе у детской площадки кучи мусора лежат уже 3 дня ветер разносит по всей территории почему не убираете,cleaning,0,typo,мусор на территории
"Что за безобразие?! В подъезде №1 давно не мыли полы, везде следы грязи и окурки! Как можно жить в таком свинарнике?! Пишу жалобу в Жилищную инспекцию!",cleaning,0,emotional,отсутствие уборки
не вывозят мусор из контейнеров,cleaning,0,short,проблема вывоза мусора
"Прошу назначить уборку в подъезде №3. На лестничных клетках уже третий день лежит мусор, и это создает антисанитарные условия.",cleaning,0,formal,грязь в подъезде
да здравствуйте у нас тут во дворе уже неделю мешки с мусором валяются у урны переполнены а запах такой что окна не открыть,cleaning,0,voice,мусор во дворе
Пдъезд 2 ужастно грязный никто не убирает муср везде валяеться помогите,cleaning,0,typo,отсутствие уборки
"Ну что, опять не убрались в подъезде?! Это просто безобразие! Куда смотрит управляйка? Я уже устал жить в свинарнике! Буду жаловаться в жилинспекцию!",cleaning,0,emotional,антисанитария
воняет мусоропровод 4 этаж,cleaning,0,short,засор мусоропровода
"В подъезде №3 на 5 этаже разлито машинное масло, оно течёт по ступенькам! Кто-то может поскользнуться и сломать шею, срочно пришлите уборщиков!",cleaning,1,emotional,грязные лестницы
да алло это 1 подъезд тут мусоропровод забит и отходы уже вываливаются в холл воняет нереально скоро тараканы заведутся,cleaning,1,voice,засор мусоропровода
"кв 45. вчера слмали бутылки у лифта, осколки не убраны, детии бегаю босиком!!!",cleaning,1,typo,битое стекло
Срочно! Во дворе возле детской площадки разбросаны шприцы и медицинские отходы. Требуется дезинфекция.,cleaning,1,formal,опасные отходы
труба канализации лопнула во дворе – фекалии по всей дороге,cleaning,1,short,прорыв канализации
"В подъезде 3 разлилось нечто вонючее из мусоропровода, все ступени в слизи, пахнет так, что глаза слезятся! Немедленно пришлите уборщиков с хлоркой, иначе вызову санитарную инспекцию!",cleaning,1,emotional,засор мусоропровода
да тут в 5 подъезде мусорный бак опрокинули собаки и весь двор в объедках и пакетах дети не могут гулять а вдруг там битое стекло срочно уберите,cleaning,1,voice,разбросанный мусор
кдрпт пожалуста срочнл прибирите лсище крыс в мусрке возле 12 подезда они уже на детску площадку бегают,cleaning,1,typo,антисанитария
"Прошу экстренно устранить последствия прорыва канализационного люка во дворе. Сточные воды смешались с бытовым мусором, угроза эпидемии (кв. 45).",cleaning,1,formal,загрязнение стоками
трупов крыс куча у парадной воняет,cleaning,1,short,биологические отходы
Добрый день! Лифт в 3 подъезде не реагирует на вызов с этажа. Прошу устранить неисправность.,lift,0,formal,не вызывается
да лифт в доме на первом этаже не едет кнопки вроде нажимаются но не реагирует второй день уже,lift,0,voice,не реагирует
лифт в 5 подезде гремит страшно когда ездит прямо как будто развалится щас,lift,0,typo,шумы
"Опять этот чертов лифт! В 4 подъезде не едет, светает пока по лестнице тащусь! УО совсем обнаглели, ремонтировать не хотят! Пишу в ГЖИ!",lift,0,emotional,не едет
кнопки лифта не работают 1 подъезд,lift,0,short,не работают кнопки
Добрый день! В подъезде №3 не работает лифт — не открываются двери и не реагируют кнопки вызова. Прошу устранить неисправность.,lift,0,formal,не открывается
да это жилец с 5 этажа лифт у нас второй день как то шумит когда едет как будто что то скрипит посмотрите плиз,lift,0,voice,шум
"Лифт в 1 подезде не едет на верхние этажи. Кнопки нажимаются, но он останавливается только на 3 этаже. Почините срочно!",lift,0,emotional,не едет
кнпки в лифте не рабтают 4 подезд,lift,0,typo,кнопки
лифт пищит без остановки,lift,0,short,шум
"В подъезде 3 застрял лифт, внутри человек, слышны крики о помощи! Срочно выезжайте!",lift,1,emotional,застрял человек
да выезжайте быстрее в 4 подъезде лифт остановился между этажами там бабушка она не может дышать там душно,lift,1,voice,застрял человек
"Лифт в 1 подъезде не двигается, двери не открываются. Внутри ребенок. Немедленно примите меры!",lift,1,formal,застрял человек
плиз срочно 5й подзд лифт стоп кнопки не работают люди внутре,lift,1,typo,застрял человек
лифт упал! третий этаж!,lift,1,short,авария
"Срочно! В лифте 3 подъезда застряла женщина с ребенком, двери не открываются, слышен плач. Немедленно приезжайте!",lift,1,emotional,застрял человек
да выезжайте быстрее тут лифт на 9 этаже заклинило и там бабушка стучит уже полчаса,lift,1,voice,застрял человек
"Лифт 1 подъезда не реагирует на кнопки, внутри темнота и искрит. Опасность удара током!",lift,1,formal,не работает + искрит
плиз срочн лифт 4 этжж пищит как чайник и воняет горелым!,lift,1,typo,шумы + запах
ребенок в лифте. дверь не открывается.,lift,1,short,застрял человек
"Здравствуйте, в подъезде №3 второго этажа отсутствует плинтус уже больше месяца, прошу устранить недочет.",other,0,formal,плинтус
да тут у нас сосульки на крыше висят уже неделю ну прям крупные такие можете убрать чтоб на голову не свалились,other,0,voice,сосульки
пжлст проверьте балконную плиту на 4 этж она вся в трещинах это нормально?,other,0,typo,балкон
"Что за бардак??? Крыша уже третий месяц течет, вы за это вообще отвечаете или только деньги собирать умеете? Я в Жилищную инспекцию пойду, хватит издеваться над людьми!",other,0,emotional,кровля
фасад облупился 1 подъезд,other,0,short,фасад
Уважаемая управляющая компания! Прошу обратить внимание на разрушающуюся кровлю дома №12 по ул. Ленина. Наблюдаются протечки и отслоение материала. Необходимо провести ремонтные работы.,other,0,formal,протечка кровли
да здравствуйте тут у нас на втором подъезде балкончик прямо сыпется штукатурка опасно ходить там кароче надо бы принять меры,other,0,voice,разрушение балкона
"Привет! На дом7 сосульки нависают с крыши прямо над входом. Надо бы их убрать, а то кто-нибудь пострадает.",other,0,typo,сосульки
"Вы что, совсем охренели?! Это уже третий год фасад осыпается, а вы ничего не делаете! Я уже заявление в прокуратуру пишу, достали совсем!",other,0,emotional,разрушение фасада
Крыша течет 3 этаж.,other,0,short,протечка кровли
Срочно! С крыши дома №5 по улице Ленина падают сосульки длиной более метра прямо на детскую площадку. Уже чуть не угодили в ребенка. Немедленно примите меры!,other,1,emotional,падение сосулек
дайте плиз срочно бригаду на крышу у нас в 3 подъезде целый кусок кровли оторвало ветром и он болтается на проводах может рухнуть в любой момент,other,1,voice,разрушение кровли
"Кв 45, 4 этаж. С балкона соседей сверху отваливается бетонная плита, висит на арматуре. Опасно для прохожих!",other,1,formal,разрушение балкона
шыфер с крышы сыпется на машины у 7 подезда одна тачка уже побита,other,1,typo,обрушение шифера
Фасад трещит! Кирпичи падают!,other,1,short,разрушение фасада
"Срочно! С фасада дома по адресу ул. Ленина, 15 начали падать кирпичи! Люди ходят по тротуару, опасно! Немедленно примите меры!",other,1,formal,обрушение фасада
да тут на балконе плита треснула висит еле держится сейчас упадет на голову кому-нибудь срочно приезжайте,other,1,voice,разрушение балкона
кровля протекает срочно на 3 этаже вода льет ручьем все заливает как жить,other,1,typo,протечка кровли
"Что за безобразие! На крыше дома огромные сосульки, которые вот-вот рухнут на людей! УК, вы вообще следите за домом?! Немедленно устраняйте! Иначе пишу в прокуратуру!",other,1,emotional,сосульки на кровле
фасад трещит кирпичи сыпятся,other,1,short,разрушение фасада
"Здравствуйте, прошу обратить внимание на домофон. В подъезде №3 он периодически не открывает дверь, приходится ждать пока кто-нибудь выйдет. Вызывали мастера, но проблема осталась. Просьба провести диагностику и наладить работу устройства.",door,0,formal,домофон не открывает дверь
да здравствуйте кароче доводчик на двери в первом подъезде громко скрипит и дверь сама не закрывается плохо прохладно в подъезде сделайте что-нибудь,door,0,voice,доводчик неисправен
здраствуйте у нас в 5 подезде замок на входной двери заедает ключь трудно повернуть а иногда ваще не открыть прошу поченить,door,0,typo,замок заедает
"Когда уже вы займетесь дверью в подвал?! Она не закрывается вообще, туда кто угодно залезет! Мы уже третий раз пишем, а вы все игнорите! Надоело! Срочно почините замок, иначе я пишу жалобу в ГЖИ!",door,0,emotional,дверь подвала не закрывается
"Кнопка вызова домофона не работает, 4 подъезд.",door,0,short,кнопка домофона не работает
Здравствуйте. В квартире №45 слабый напор холодной воды на кухне и в ванной. Прошу проверить давление в стояке ХВС и при необходимости отрегулировать. Заявка не срочная.,water,0,formal,слабый напор ХВС
да здрасьте у нас тут канешна из крана горячая вода чуть теплая но не кипяток хотелось бы по горячее но это не срочно просто запишите заявку пожалуйста,water,0,voice,недостаточно горячая вода
"здравствуйте в туалете медлено уходит вода в унитазе уже неделю, наверное засор, но не переливается. Прошу прочистить. Кв 12",water,0,typo,засор канализации
"Когда вы уже нормально сделаете водоснабжение?! Из горячего крана еле течет, как будто холодная! А мы платим за горячую воду! Неужели нельзя отрегулировать?! Надоело! Жду ответа!",water,0,emotional,слабый напор ГВС
"капает из крана в подвале, некритично",water,0,short,утечка в подвале
"Уважаемая управляющая компания! В подъезде №3 на полу возле мусоропровода обнаружено вещество, похожее на ртуть. Требуется немедленная уборка и дезинфекция силами АДС, так как это угрожает здоровью жильцов, особенно детей. Квартира 45.",cleaning,1,formal,разлит опасный химикат
да здравствуйте аварийка у нас в подвале прорвало трубу и всё затопило вместе с мусором вонь ужасная дети дышат этим приезжайте скорее пятый подъезд,cleaning,1,voice,потоп с мусором в подвале
"В подьезде №2 разбросаны острые иглы и мусор, это опастно для детей и животных. Срочно убрать! кв 17 жалоба.",cleaning,1,typo,иглы и мусор на полу
"Вы что там совсем охренели?! Мусоропровод забит уже неделю, вонь на весь подъезд, тараканы ползут! Это же аварийная ситуация! Немедленно вызовите АДС и устраните засор, а то я в ГЖИ позвоню и на вас заявлю!",cleaning,1,emotional,забит мусоропровод
"Горит мусоропровод, 4 подъезд, срочно!",cleaning,1,short,возгорание в мусоропроводе
"Прорвало трубу горячего водоснабжения в подвале, вода заливает подъезд, есть риск повреждения электрики. Требуется срочный выезд АДС. Квартира 15, подъезд 2.",water,1,formal,прорыв трубы ГВС
да здравствуйте у нас в подъезде потоп кароче из подвала вода хлещет горячая пар стоит приезжайте скорее,water,1,voice,прорыв трубы в подвале
"Пррвало стояк хвс на 5 этаже вада бежит по стояку и льет в кватиру, залило соседей, приезжайте аварийно",water,1,typo,прорыв стояка ХВС
"Доколе можно терпеть?! У вас трубы гнилые, теперь кипятком всё залило, подъезд в пару, люди скользят, дети орут! Вызывайте немедленно АДС, а то я в ГЖИ заявление пишу!",water,1,emotional,прорыв трубы с кипятком
"Засор канализации, всё заливает, авария!",water,1,short,засор канализации с розливом
"В квартире № 56 четвертого подъезда батареи отопления чуть теплые, температура в комнатах не поднимается выше 15 градусов. Прошу провести проверку системы отопления и принять меры для нормализации теплоснабжения.",heating,0,formal,слабое отопление
да здравствуйте это квартира 18 во втором подъезде у нас батареи в комнатах холодные а на кухне теплые пришлите кого нибудь посмотреть,heating,0,voice,неравномерный прогрев
"В квартре 33 отопление плохое, батарея в спальне еле теплая, а в зале ваще холодная. Придьте проверте стояк. Соседи сверху жаловались на воздух в трубах.",heating,0,typo,завоздушивание
"Здравствуйте! Сколько можно терпеть! Уже конец октября, а в квартире 5 на первом этаже батареи совсем холодные. Мерзнут ноги, дети болеют. Вы вообще работаете? Если в ближайшие два дня никто не придёт, я напишу жалобу в ГЖИ и залью все соцсети!",heating,0,emotional,холодные батареи
"Батарея холодная, квартира 7.",heating,0,short,холодная батарея
"Здравствуйте, я житель квартиры 45, подъезд 3. В данный момент нахожусь в лифте, который внезапно остановился между 5 и 6 этажом. Двери заблокированы, кнопки не реагируют, освещение мигает. Прошу направить аварийную бригаду, так как внутри находятся люди, и у меня проблемы с сердцем.",lift,1,formal,Застрял между этажами
але диспетчер я застрял в лифте в третьем подъезде кабина стоит между этажами кнопки не работают вызова нет помогите быстрее,lift,1,voice,"Застрял, нет света"
"Я застрял в лифте на 2 подъезде, лифт резко остановился и двери не открываються, внутри темно, я один, вызавите аварику скорее",lift,1,typo,Застрял один в темноте
"МЫ ЗАСТРЯЛИ В ЛИФТЕ С РЕБЕНКОМ! ОН ПЛАЧЕТ, У НАС НЕТ СВЕТА, ВОЗДУХ ЗАКАНЧИВАЕТСЯ! НЕМЕДЛЕННО ПРИШЛИТЕ СПАСАТЕЛЕЙ, ИНАЧЕ Я ПОДНИМУ СКАНДАЛ! ПОДЪЕЗД 5, ЛИФТ МЕЖДУ ЭТАЖАМИ!",lift,1,emotional,Застрял с ребенком
"Лифт падает! Я внутри, помогите!",lift,1,short,Падение лифта
"Здравствуйте. В подъезде №3 захлопнулась входная дверь, механизм заклинило, открыть невозможно. Внутри находится житель с ограниченными возможностями, которому требуется срочная помощь медиков. Прошу обеспечить немедленное вскрытие двери силами аварийной службы.",door,1,formal,заклинило дверь
здравствуйте тут кароче дверь в подвал захлопнулась а там сантехник ремонт делает он не может выйти срочно надо открыть а то он там задохнется,door,1,voice,захлопнулась дверь подвала
люди не магу выйти из подезда дверь заклинила а на лестничной клетке дым срочно приезде кто нибуть,door,1,typo,блокировка выхода
"Вы что там все с ума посходили?! Дверь в подъезд заклинило, между створками застрял ребенок! Если что-то случится, я на вас в суд подам, в прокуратуру напишу! Немедленно приезжайте, пока не поздно!",door,1,emotional,застревание в дверях
"Дверь заклинило, заперт человек, срочно!",door,1,short,не открывается дверь
"Прошу принять срочные меры. В моей квартире произошел прорыв радиатора отопления, из него под давлением выходит горячая вода с паром. Существует угроза затопления квартиры и повреждения имущества. Требуется немедленный выезд аварийно-диспетчерской службы.",heating,1,formal,прорыв радиатора
да здравствуйте у нас батарея лопнула горячая вода хлещет паром всё заливает приезжайте скорее,heating,1,voice,лопнула батарея
здраствуйте уменя вквартире прорвало батарею кипяток льется пар стоит заливает соседей приезжайте аварийно,heating,1,typo,прорыв отопления
"Да что у вас за управляющая компания?! У меня батарею разорвало, горячая вода фонтаном, пар как в бане! Всё заливает, потолок сейчас рухнет! Немедленно пришлите аварийку, иначе я в ГЖИ и в прокуратуру напишу!",heating,1,emotional,разрыв батареи
"Батарея лопнула, кипяток хлещет, пар. Аварийка!",heating,1,short,течь батареи
"Здравствуйте, управляющая компания! В подъезде №3 на пятом этаже перегорела лампа в осветительном приборе. Замена не производится уже более недели. Прошу устранить неисправность в ближайшее время. С уважением, жилец квартиры 57.",light,0,formal,перегорела лампа в подъезде
да здравствуйте это из третьего подъезда у нас на площадке свет мигает постоянно как будто контакты пропадают посмотрите пожалуйста а то глаза устают,light,0,voice,мигает свет на лестнице
"Здравствуйте! В подезде номер 2 на первом этаже не работат выключатель, свет не врубается. Пробывала сама нажимать — бесполезно. Придите почените.",light,0,typo,неисправен выключатель
"Когда вы уже замените лампочку в нашем дворе?! Уже месяц темнотища, страшно пройти, а наша УО только деньги собирает! Жаловаться буду в ГЖИ, если не исправите на этой неделе!",light,0,emotional,неисправно освещение двора
У нас мигает свет в подъезде,light,0,short,мигание света в подъезде
"Прошу принять меры по устранению шума в лифтовом оборудовании подъезда №3. При движении кабины слышен постоянный скрежет, мешающий жителям. Лифт работает, но требуется диагностика.",lift,0,formal,шум при работе лифта
здравствуйте это из третьего подъезда лифт не приезжает на наш этаж кнопка нажимается но лифт стоит на первом этаже и не едет сделайте что нибудь,lift,0,voice,не вызывается лифт на этаж
"не работает кнопка вызоаа лифта на 5 этаже 2 подъезд, приходитца спускаться пешком, почините плиз",lift,0,typo,не работает кнопка вызова
"Когда уже вы почините этот долбаный лифт?! Двери закрываются через раз, приходится ждать по пять минут, это безобразие! Жалоба в ГЖИ будет, если не исправите!",lift,0,emotional,двери лифта закрываются медленно
"Лифт шумит, 4 подъезд, нужна проверка.",lift,0,short,шум при работе лифта
"Здравствуйте. Прошу обратить внимание на состояние фасада дома по адресу ул. Ленина, 5. В районе 2-го подъезда отслаивается штукатурка и видны трещины. Прошу включить в план ремонтных работ на текущий год. Квартира 12.",other,0,formal,фасад
да здравствуйте это снова я с 3 подъезда хотел сказать что на крыше сосульки большие висят но пока не падали но лучше бы сбили чтоб не упали на голову если можно,other,0,voice,сосульки
"здрствуйте! у нас на балконе с 4 этажа отходит обшивка от стены, может упасть. смотрел в окно, там щель большая. сделайте что-нибуть пока не долетело до людей. кв 43.",other,0,typo,балкон
"Когда вы уже займетесь крышей?! Вода с нее льется прямо на козырек подъезда, все грохочет, а ночью вообще спать невозможно! Сколько можно писать? Вызывайте ГЖИ, если сами работать не хотите!",other,0,emotional,кровля
"Краска с фасада осыпалась, весь двор в обломках.",other,0,short,фасад
"Здравствуйте. Я проживаю в квартире 12, подъезд 2. В течение последних двух дней напор холодной воды в кухонном кране очень слабый, что затрудняет использование. Прошу провести проверку и устранить причину.",water,0,formal,Слабый напор ХВС
ало здравствуйте это квартира 7 у нас в ванной кран капает и горячая вода еле теплая посмотрите пожалуйста,water,0,voice,Капает кран и слабый нагрев
здраствуйте у миня в туалете бачёк текет вода бежит в унитаз не останавливаица придите пачините,water,0,typo,Течь в бачке унитаза
"Вы что там совсем с ума посходили?! Уже третью неделю из крана течет ржавая вода, невозможно ни умыться, ни посуду помыть! Когда вы уже замените трубы? Я буду жаловаться в ГЖИ и прокуратуру!",water,0,emotional,Ржавая вода из крана
Слабый напор горячей воды,water,0,short,Слабый напор ГВС
"Здравствуйте, в подъезде №3 плохо закрывается входная дверь, доводчик не срабатывает. Прошу заменить или отремонтировать доводчик.",door,0,formal,доводчик
да здравствуйте у нас домофон не работает в третьем подъезде вообще не открывает дверь приходится ждать соседей сделайте что нибудь,door,0,voice,домофон
здраствуйте сломалася кнопка домофона в 5 подьезде не вызвает квартиру исправте пожалуста,door,0,typo,домофон
"Когда вы уже почините замок на подвале?! Уже месяц не можем попасть, вещи свои забрать. Вы вообще работаете или только деньги собираете? Жалобу в ГЖИ напишу!",door,0,emotional,замок подвала
Не закрывается дверь подъезда,door,0,short,входная дверь
"Здравствуйте, я застрял в лифте в подъезде №3 между 5 и 6 этажом. Прошу срочно выслать аварийную бригаду, мне плохо.",lift,1,formal,застревание человека
да здравствуйте я в лифте застрял между этажами помогите быстрее,lift,1,voice,остановка между этажами
застрял в лифте 2 подезд 7 етаж не открывает двери вызывйте спасателей,lift,1,typo,блокировка дверей
"ЛЮДИ ДОБРЫЕ Я ЗАСТРЯЛ В ЭТОМ ПРОКЛЯТОМ ЛИФТЕ УЖЕ 20 МИНУТ, ВЫЗОВИТЕ МЧС, У МЕНЯ КЛАУСТРОФОБИЯ, Я ЗАДЫХАЮСЬ!!!",lift,1,emotional,застревание человека
"лифт застрял, я внутри, помогите",lift,1,short,застревание человека
"Здравствуйте. Я проживаю по адресу ул. Ленина, д. 5, кв. 12. В течение последней недели радиаторы отопления в комнате имеют температуру значительно ниже обычной. На ощупь они едва теплые. Прошу провести проверку и отрегулировать подачу теплоносителя, а также устранить возможное завоздушивание системы. С уважением, Иванова А.П.",heating,0,formal,Недостаточный нагрев радиаторов
ало здравствуйте это квартира 8 тут батарея в зале вообще холодная а в кухне горячая что за фигня придите посмотрите пожалуйста,heating,0,voice,Неравномерный прогрев
"здрасти у меня в спальне батарея чуть теплая, а в других комнатах нормально, может воздух в трубах, приходите развоздушить, замерз уже",heating,0,typo,Завоздушивание
"Когда уже вы начнете работать?! У нас в квартире холодно, батареи еле живые, дети мерзнут и болеют! Я уже написала жалобу в ГЖИ, если в течение трех дней не устраните, будем подавать в суд и требовать перерасчет! Позор вашей управляющей компании!",heating,0,emotional,Слабое отопление
У меня чуть теплые батареи. 25 кв.,heating,0,short,Слабый нагрев батарей
"В квартире 15 подъезда 2 произошёл прорыв трубы горячего водоснабжения, вода заливает соседние квартиры. Требуется немедленный выезд аварийной службы.",water,1,formal,прорыв трубы ГВС
здравствуйте тут кароче потоп из канализации всё течёт в подъезде и в квартире запах ужасный приезжайте скорее,water,1,voice,засор канализации
"прорвало трубу с горячей водой в ванной, вода кипяток, заливает всё, помогите, адрес ленина 5 кв 12",water,1,typo,прорыв трубы ГВС
"Вы что там все с ума посходили?! У нас уже второй час льётся кипяток с потолка, потоп, всё затопило! Я позвоню в ГЖИ, вы у меня попляшете, приезжайте немедленно!!!",water,1,emotional,протечка с потолка
"Засор канализации, вода в квартире!",water,1,short,засор канализации
"Прошу заменить перегоревшую лампу в осветительном приборе на лестничной клетке 2-го этажа подъезда №3. Освещение отсутствует уже несколько дней, что создаёт неудобства для жильцов при подъёме. Прошу провести замену в ближайшее рабочее время.",light,0,formal,перегоревшая лампа в подъезде
здравствуйте тут кароче в подъезде первом на втором этаже лампа не горит и в щитке на лестнице что-то жужит но ничё не искрит и не дымит поменяйте лампочку,light,0,voice,отсутствие освещения на этаже
Дравствуйте! У нас в подезде 4 на площадке 3 этажа свет не роботает. Лампа перегорела. Заминити можно? Кв 67. Спасибо,light,0,typo,перегоревшая лампа в подъезде
"Когда вы уже замените лампочку в нашем подъезде?! Третью неделю темнотища, люди спотыкаются, я уже ногу чуть не сломала! Вы вообще за что деньги берёте? Немедленно исправьте!",light,0,emotional,отсутствие освещения в подъезде
"Не горит свет в холле, 1 подъезд.",light,0,short,неисправность освещения в холле
"Здравствуйте, в квартире 45 по стояку отопления идёт сильная течь: из радиатора бьёт кипяток, пол уже затоплен. Прошу срочно направить аварийную бригаду для перекрытия стояка и устранения утечки.",heating,1,formal,прорыв радиатора
але аварийка у нас батарея лопнула кипяток фонтаном все заливает приезжайте быстрее а то мы тут утонем,heating,1,voice,прорыв радиатора
здрасти у нас трубу отопления прорвало на 3 этаже пар валит водой все заливает помогите срочно не знаю че делать,heating,1,typo,течь стояка
"Вы что там все с ума посходили?! У нас радиатор разорвало, кипяток хлещет на детей и вещи! Немедленно пришлите аварийку, иначе я в прокуратуру и ГЖИ, вы у меня попляшете!!",heating,1,emotional,прорыв радиатора
батарея лопнула заливает,heating,1,short,прорыв радиатора
"Прошу срочно принять меры: в подъезде №2 дома №10 по ул. Садовая в мусоропроводе произошло возгорание. Из загрузочного клапана на 5 этаже идет густой дым, слышен треск. Требуется немедленный выезд АДС и вызов пожарной службы.",cleaning,1,formal,возгорание мусоропровода
да здравствуйте у нас мусоропровод горит в подъезде дымом все затянуло приезжайте скорее а то пожар будет,cleaning,1,voice,задымление мусоропровода
"Срочна! На площядке 1 подъезда разлита жыдкость из мусорного пакета, силно пахнет химией, у людей слезятся глаза, возможно это кислота, вызывайте МЧС",cleaning,1,typo,разлив химикатов
"Вы что, совсем не следите за мусором?! Возле подъезда горит мусорный контейнер, дым валит, дети рядом играют! Немедленно вызывайте МЧС и приезжайте тушить, иначе я напишу жалобу в ГЖИ и прокуратуру!",cleaning,1,emotional,горящий контейнер
"Обрушился мусоропровод, завалил подвал, срочно!",cleaning,1,short,обрушение мусоропровода
"Прошу незамедлительно направить аварийную службу. В подъезде №3 заклинило входную дверь, створка заблокирована, из-за чего жители не могут покинуть здание. Внутри находится пожилая женщина с приступом астмы, требуется срочная помощь.",door,1,formal,заклинило входную дверь
але аварийка у нас дверь в подвал сорвана с петель и из подвала хлещет вода горячая типа прорвало трубу дверью прижало человека помогите,door,1,voice,"сорвана дверь в подвал, прорыв трубы"
срочно пришлите мастера дверь в подьезде не закрывается и из-за этого в дом заходят бомжи и мы заблокированы в квартире дверь подперта снаружи не можем выйти,door,1,typo,"дверь подперта снаружи, заблокирован выход"
"КОШМАР! У НАС ДВЕРЬ В ПОДЪЕЗДЕ ЗАКЛИНИЛО И НЕ ОТКРЫВАЕТСЯ, ВНУТРИ ЛЮДИ, ЗАДЫХАЕМСЯ! ПОЧЕМУ УО НИЧЕГО НЕ ДЕЛАЕТ? ВЫЗЫВАЮ ГЖИ И ПОЖАРНЫХ, ЕСЛИ НЕ ПРИЕДЕТЕ СЕЙЧАС ЖЕ!",door,1,emotional,"заклинило дверь, люди внутри"
"Дверь подъезда заблокирована, не выйти",door,1,short,заблокирована дверь подъезда
Здравствуйте. В квартире 15 слабый напор холодной воды на кухне. Прошу провести проверку и устранить проблему.,water,0,formal,слабый напор
да здравствуйте это квартира 7 у нас капает кран на кухне не сильно но мешает спать сделайте что нибудь,water,0,voice,капает кран
"Здравствуйте, в ванной течет бачок унитаза постоянно, вода бежит. Нужен сантехник. Кв 23.",water,0,typo,течет бачок
"Сколько можно терпеть! Уже неделю из горячего крана еле теплая вода! Мы платим за горячее, а не за ледяное! Вызывайте мастера немедленно, а то напишу жалобу в ГЖИ!",water,0,emotional,теплая вода
Засор в ванной. Кв 5.,water,0,short,засор
"Здравствуйте, прошу направить специалиста для регулировки доводчика входной двери в подъезде №3. Дверь закрывается с сильным хлопком, что мешает жильцам. Заявка плановая.",door,0,formal,регулировка доводчика
але здравствуйте кароче домофон в первом подъезде не работает набираешь номер а он молчит открыть дверь никак приезжайте почините,door,0,voice,неисправен домофон
"здравствуйте у нас в падъезде 2 замок на двери заедает ключ не паварачивается, памагите заменить",door,0,typo,заедает замок
"Почему вы вообще не следите за дверями?! Уже месяц доводчик сломан, дверь хлопает как выстрел, соседи жалуются! Вы что, ждете пока она вылетит?! Вызываю ГЖИ, если не отремонтируете!",door,0,emotional,сломан доводчик
"Дверь подвала не закрывается, так и стоит.",door,0,short,не закрывается дверь подвала
"Здравствуйте. Я, житель квартиры №45, прошу провести осмотр лифтовой кабины в подъезде №2. При движении слышен металлический скрежет, который усиливается при торможении. Прошу устранить неисправность.",lift,0,formal,скрежет при движении
ало это уо да у нас в третьем подъезде кнопка вызова лифта не работает на втором этаже соседи жалуются почините пожалуйста,lift,0,voice,кнопка вызова не работает
здравствуйте лифт в 1 подъезде дергается когда едет и двери сами закрываются когда я выхожу чуть не прищемили исправте пожалуйста,lift,0,typo,рывки при движении
"Двери лифта закрываются прямо перед носом, прищемляют! Это вообще законно? Немедленно отрегулируйте, иначе я в прокуратуру и ГЖИ напишу! Вы за что деньги получаете?",lift,0,emotional,двери закрываются
Лифт шумит и вибрирует,lift,0,short,шум и вибрация
"Прошу провести проверку системы отопления в квартире №7: в гостиной радиатор не прогревается полностью, нижняя часть холодная. Возможно, требуется промывка или удаление воздуха.",heating,0,formal,неравномерный прогрев
да здравствуйте это квартира 54 у нас батарея в туалете чуть теплая а должна быть горячей наверное завоздушило придите посмотрите,heating,0,voice,слабое отопление
"здравствуйте у меня в комноте батарея холодная совсем, а в других тепло. наверное воздух в системе. придите развоздушьте",heating,0,typo,завоздушивание
"Когда вы уже сделаете отопление нормальным?! У нас в детской батарея ледяная, ребёнок мёрзнет! Вызывала вашу аварийку, никто не пришёл! Пишу жалобу в ГЖИ!",heating,0,emotional,холодная батарея
У нас батарея чуть теплая,heating,0,short,слабое отопление
"Здравствуйте. Я нахожусь в лифте в подъезде №3 дома по улице Ленина, 15. Лифт внезапно остановился между этажами, двери не открываются, я заперт. Прошу срочно направить аварийную службу.",lift,1,formal,застрял между этажами
да здравствуйте я в лифте застрял кароче между вторым и третьим этажом кнопка вызова не работает так что приезжайте быстрее,lift,1,voice,не работает кнопка вызова
здравствуйте я застрял в лифте 1 подьезд двери не магу открыть очнь страшно жду помощи,lift,1,typo,застрял человек
"Вы что там все с ума посходили?! Я у вас в лифте застряла уже 20 минут, кнопка вызова сломана! Если не приедете сейчас же, я напишу в ГЖИ и в прокуратуру! Немедленно высылайте аварийку!",lift,1,emotional,сломана кнопка вызова
"Застрял в лифте 5 подъезд, срочно!",lift,1,short,застрял человек
"В подъезде дома по адресу ул. Ленина, д. 5, в районе мусоропровода на 3 этаже разлита ртуть из разбитого градусника. Прошу срочно направить специалистов для демеркуризации, так как это опасно для жильцов.",cleaning,1,formal,разлитая ртуть
да здравствуйте у нас тут в подъезде на первом этаже возле мусорки сильно воняет газом и что-то шипит приезжайте скорее,cleaning,1,voice,запах газа из мусоропровода
"На детской площадке разбросаны осколки стекла от бутылки, дети могут порезатся, срочно уберите, опасно",cleaning,1,typo,осколки стекла на площадке
"КОГДА ЖЕ ВЫ НАКОНЕЦ УБЕРЕТЕ ЭТУ ПОМОЙКУ?! У НАС В ПОДЪЕЗДЕ КАКИЕ-ТО ОТВРАТИТЕЛЬНЫЕ ФЕКАЛИИ, ВОНЬ НА ВЕСЬ ДОМ, РЕБЕНОК УЖЕ ЗАБОЛЕЛ! ВЫЗЫВАЮ ГЖИ И СЭС, НЕМЕДЛЕННО ПРИЕЗЖАЙТЕ!",cleaning,1,emotional,фекалии в подъезде
"Мусоропровод забит, вонь, крысы. Срочно!",cleaning,1,short,забит мусоропровод с крысами
"Прошу срочно направить аварийную бригаду: в подвале первого подъезда прорвало трубу горячего водоснабжения, кипяток заливает подвал и поднимается в подъезд, стоит густой пар. Есть риск ошпаривания жильцов и обрушения перекрытий. Квартира 7.",water,1,formal,прорыв трубы ГВС
да здравствуйте у нас в ванной фонтаном бьет горячая вода из под раковины шланг лопнул все хлещет уже к соседям затекает потолок течет приезжайте быстрее затопление же авария,water,1,voice,разрыв шланга под давлением
"здраствуйте засор канализации в квартире 34 все стоки вылезли в унитаз и ванну водой с калом залило пол, вонь по всему стояку, просим аварийку немедлено",water,1,typo,засор канализации с розливом
"ВЫ ЧТО ТАМ ВСЕ УСНУЛИ?! В подвале ТРУБУ РВАНУЛО, холодная вода уже полподъезда залила, лестница обледенела, дети ходят в школу через этот каток! Жильцы скоро в ГЖИ побегут, а вам лишь бы деньги собирать! АДС НЕМЕДЛЕННО!!!",water,1,emotional,прорыв трубы ХВС
"Капает кипяток с потолка, течь ГВС, кв. 18, срочно!",water,1,short,протечка горячей воды
"Уважаемая управляющая компания! В квартире 45 прорвало стояк отопления, горячая вода под давлением заливает полы и идёт пар. Немедленно пришлите аварийную бригаду, существует угроза затопления соседей.",heating,1,formal,Прорыв стояка отопления
да здравствуйте это из квартиры 78 у нас батарея лопнула вода кипятком хлещет потолок соседи снизу уже кричат приезжайте скорее,heating,1,voice,Разрыв радиатора
"в квартре 12 течь из трубы отопления, кипяток брызжет, пар все заливает, аварийка срочно нужна",heating,1,typo,Течь трубы отопления
"Вы что там все с ума посходили?! У нас в подъезде на 5 этаже лопнула батарея и горячая вода заливает лестничную клетку паром! Это авария! Вызывайте МЧС и свою аварийку, мы зальем всех соседей, я буду жаловаться в ГЖИ!!!",heating,1,emotional,Лопнула батарея в подъезде
"Прорвало отопление, кипяток, потоп, срочно!",heating,1,short,Прорыв отопления
"В электрощите на первом этаже подъезда №3 сильное искрение, слышен треск и появился запах гари. Прошу срочно направить аварийную бригаду, возможен пожар.",light,1,formal,искрит щиток
да здравствуйте у нас в подъезде искрит проводка прям из щитка дым идет уже вызывайте пожарных быстро,light,1,voice,дым из щитка
"из розетки в квартре 15 искрит и пахнет горелым, щиток на площадке гудит, примите меры срочно",light,1,typo,искрит розетка
"ВЫ ЧТО ТАМ СОВСЕМ ОБОРЗЕЛИ?! ИЗ ЩИТКА НА ЛЕСТНИЦЕ ПЛАМЯ ВЫРЫВАЕТСЯ, ИСКРЫ НА ВСЕ СТОРОНЫ, А ВАМ ВСЕ ПОФИГ! ЖАЛОБУ В ГЖИ НАПИШУ И В ПОЖАРКУ ПОЗВОНЮ, ЕСЛИ НЕ ПРИЕДЕТЕ НЕМЕДЛЕННО!",light,1,emotional,возгорание щитка
искрит провод у счетчика подъезд 2,light,1,short,искрит провод
"Уважаемая управляющая компания! Я, собственник квартиры № 45, прошу провести осмотр фасада дома в районе моего окна. Там наблюдается отслоение штукатурки и трещина шириной около 2 мм. Прошу включить данные работы в план текущего ремонта и уведомить меня о сроках. С уважением, Иванов И.И.",other,0,formal,фасад
да здравствуйте это квартира 33 у нас на балконе штукатурка отваливается куски летят вниз но там никого нет я переживаю что может упасть на людей пришлите посмотрите пожалуйста,other,0,voice,балкон
"здравствуйте на крыше нашего дома сосульки висят с краю но не большие, прошу их убрать когда будете чистить крышу, а то я переживаю",other,0,typo,сосульки
"Когда вы уже займетесь крышей?! У меня в квартире на потолке желтое пятно от протечки, вы говорили что почините, но уже два месяца ничего не делаете! Я напишу жалобу в ГЖИ!",other,0,emotional,протечка кровли
"Проверьте мой балкон, кв. 7",other,0,short,балкон
"Здравствуйте. Обращается житель квартиры 45. В подъезде №3 уже две недели не проводилась влажная уборка: на полу грязь и песок, перила пыльные. Прошу провести уборку и принять меры к уборщице.",cleaning,0,formal,грязь в подъезде
да здравствуйте это из третьего подъезда у нас мусоропровод вообще не закрывается и ужасно воняет уже несколько дней приходите почистите пожалуйста,cleaning,0,voice,грязный мусоропровод
здравствуйте двор возле дома 14 весь в мусаре окурки и пакеты валяются у подезда уже неделю ни кто не убирает прошу принять меры,cleaning,0,typo,замусоренный двор
"Позор вашей управляющей компании!!! Мусорные баки во дворе переполнены уже третий день, вокруг контейнеров настоящая свалка, вонь на весь двор, дети бегают в этом говне!!! Когда вы начнете работать?! Жалоба в ГЖИ уже написана!",cleaning,0,emotional,переполненные контейнеры
Грязь в подъезде не убирают,cleaning,0,short,грязь в подъезде
"Здравствуйте. Проживаю в квартире 45, подъезд 3. В лифте нашего подъезда не работает кнопка вызова на первом этаже. Приходится вызывать лифт с помощью соседей или идти пешком. Прошу принять меры по замене кнопки.",lift,0,formal,не работает кнопка вызова
да здравствуйте это жительница с пятого этажа у нас лифт гудит как трактор когда едет особенно ночью спать невозможно сделайте что нибудь пожалуйста,lift,0,voice,шум при движении лифта
"Здравствйте. В лифте 2 подъезда не загарается кнопка 7 этажа, а лифт едет все время на верх. Не удобно очень. Почините.",lift,0,typo,не работает кнопка этажа
"Да сколько можно! Уже неделю лифт в нашем подъезде работает через раз! То двери не закрываются, то останавливается не на том этаже! У нас пожилые люди, им тяжело подниматься пешком! Если вы не почините, я напишу жалобу в ГЖИ и прокуратуру!",lift,0,emotional,некорректная работа дверей
"лифт не приезжает на вызов, 4 подъезд",lift,0,short,лифт не приезжает на вызов
Здравствуйте. В квартире №15 постоянный слабый напор холодной воды на кухне. Прошу проверить стояк и при необходимости прочистить фильтры.,water,0,formal,слабый напор ХВС
але это управляющая компания тут из крана вода капает в ванной уже неделю надоело замените прокладку пожалуйста,water,0,voice,капает кран
"Здравствуйте, в туалете плохо смывается унитаз, вода уходит медленно, видимо засор. Придите прочистите. Квартира 7 подъезд 3.",water,0,typo,засор канализации
"Когда вы уже займетесь сантехникой?! У меня в ванной течет смеситель, я вся измучилась подставлять ведра! Написала в ГЖИ, если не отреагируете, так и знайте!",water,0,emotional,утечка смесителя
"Слабое давление воды, 2 подъезд",water,0,short,слабый напор
"Я, житель квартиры №12, сообщаю, что с фасада дома отваливается штукатурка прямо над входом в подъезд. Существует угроза жизни прохожих. Прошу немедленно принять меры.",other,1,formal,обрушение фасада
здравствуйте срочно с крыши свисает огромная сосулька прямо над подъездом чуть не упала на меня вызовите аварийную службу,other,1,voice,сосульки
у нас протикает крыша и паталок рушица залило всю квартиру срочно приезжайте,other,1,typo,протечка кровли
"Что за безобразие! У нас на балконе плита треснула, вот-вот рухнет! Вы вообще за домом следите?! Немедленно вызывайте АДС, а то я сам в прокуратуру пойду!",other,1,emotional,аварийный балкон
"У нас сосульки над дверью, упадут",other,1,short,сосульки
"В квартире №45 батареи слегка теплые, температура в комнате не поднимается выше 18 градусов. Прошу провести проверку и регулировку системы отопления.",heating,0,formal,слабый нагрев батарей
да здравствуйте это квартира 12 у нас батарея чуть теплая а на улице холодно пришлите мастера посмотреть,heating,0,voice,слабый нагрев батарей
"В кв 78 батарея в спальне не греет воопще, воздух в трубе, развоздушить надо. Жду мастера.",heating,0,typo,завоздушивание
"Когда уже вы исправите отопление?! Батареи ледяные в зале, дети мерзнут! Вызываю ГЖИ, жалуйтесь!",heating,0,emotional,холодные батареи
"Батарея чуть теплая, промерзаю.",heating,0,short,слабый нагрев батарей
"Здравствуйте, я житель квартиры 15, подъезд 2. На лестничной площадке третьего этажа не работает освещение уже три дня. Лампочка перегорела, и в тёмное время суток очень неудобно и опасно подниматься по лестнице. Прошу заменить лампу и проверить работоспособность выключателя.",light,0,formal,Не работает освещение в подъезде
да здравствуйте это из третьей квартиры у нас в коридоре на первом этаже свет мигает как стробоскоп жуть просто голова болит поменяйте лампочку или патрон наверное а то глазам больно смотреть,light,0,voice,Мигает лампа в холле
зхтавьте плиз лампочку в тмбуре на 5 этаже у нас тёмно хоть глаз выколи и дверь в щиток не закрывается искры не летят но проводка старая страшно чтоб дети не залезли,light,0,typo,Отсутствует освещение в тамбуре
"Когда вы уже замените лампу в подъезде?! Уже месяц сидим в темноте как в бункере! Мама с работы возвращается поздно и чуть не упала на ступеньках. Вам лишь бы деньги собирать, а на нормальное освещение вас не хватает! Пожалуйста, сделайте хоть что-то, иначе я напишу жалобу в ГЖИ!",light,0,emotional,Долго не заменяют лампу
"Не работает выключатель в подъезде 1, свет не включается.",light,0,short,Сломан выключатель
"Здравствуйте, я проживаю в квартире 12 подъезда 3. Входная дверь в подъезд закрывается слишком медленно, доводчик не отрегулирован. Прошу направить специалиста для настройки.",door,0,formal,доводчик
здравствуйте это житель квартиры 5 домофон не работает совсем не открывает дверь пришлите мастера,door,0,voice,домофон
"Дравствуйте, у нас в подьезде сломался замак на двери в подвал, дверь не закрывается, придите почините",door,0,typo,замок подвала
"Когда уже вы почините доводчик на входной двери?! Уже месяц дверь хлопает так, что уши закладывает, соседи жалуются! Вызывайте мастера немедленно, иначе напишу жалобу в ГЖИ!",door,0,emotional,доводчик
"У меня не работает домофон, 2 подъезд",door,0,short,домофон
"Здравствуйте, я нахожусь в лифте в третьем подъезде, лифт внезапно остановился между вторым и третьим этажом, двери не открываются, внутри темно и пахнет гарью. Прошу срочно прислать аварийную службу, так как я не могу выбраться.",lift,1,formal,лифт остановился между этажами
да здравствуйте я застрял в лифте кароче в пятом подъезде лифт встал и двери не открывает помогите срочно вызовите аварийку,lift,1,voice,застрял в лифте
"Я в лифте 2 подьезд, лифт застрял между этажами, двери не одиваются, очень страшно, вызовите аварийку",lift,1,typo,двери не открываются
"ЛЮДИ! ВЫ ЧТО ТАМ ВСЕ УСНУЛИ?! Я УЖЕ 20 МИНУТ СИЖУ В ЛИФТЕ В ПЕРВОМ ПОДЪЕЗДЕ, ОН РАЗГОНЯЕТСЯ И ТОРМОЗИТ, ДВЕРИ НЕ ОТКРЫВАЮТСЯ, ВЫЗЫВАЙТЕ АВАРИЙНУЮ СЛУЖБУ НЕМЕДЛЕННО, ИНАЧЕ Я ПОЖАЛУЮСЬ В ГЖИ!",lift,1,emotional,лифт дергается и застрял
"Застрял в лифте, 4 подъезд, срочно!",lift,1,short,застрял в лифте
"Здравствуйте, я житель квартиры 15, подъезд 3. В электрощитке на площадке второго этажа сильное искрение, слышен треск и чувствуется запах гари. Прошу срочно направить аварийную службу.",light,1,formal,искрение щитка
да здравствуйте это из третьего подъезда у нас щиток искрит и дым идёт уже помогите срочно приезжайте,light,1,voice,дым из щитка
"здруствуйте в подезде 2 на 5 етаже щиток искрит и пахнет горелым, боюсь пожара, приезде быстрее",light,1,typo,запах гари из щитка
"Вы что там все с ума посходили?! В подъезде искрит проводка, дым стоит! Это же пожар! Немедленно высылайте аварийку, иначе я звоню в МЧС и ГЖИ!",light,1,emotional,искрит проводка в подъезде
"Щиток искрит, дым в подъезде!",light,1,short,искрение и дым
"В квартире 45 лопнул радиатор отопления, горячая вода хлещет по стенам. Прошу срочно прислать аварийную бригаду.",heating,1,formal,прорыв радиатора
здравствуйте у нас батарея взорвалась в зале горячая вода фонтаном брызжет затопило соседей приезжайте скорее,heating,1,voice,разрыв батареи
"в 3 подьезде на 5 этаже течет стояк отопления кипяток льет по стояку пар стоит, срочно нужна аварийка",heating,1,typo,течь стояка
"Да что за УО такая?! В мороз -30 отопление отключили, трубу прорвало, в квартире потоп и холод! Вызывайте АДС немедленно, я залью соседей, будете отвечать!",heating,1,emotional,прорыв трубы
"Пар из подвала, горячая вода, срочно!",heating,1,short,пар из подвала
"Здравствуйте. Прошу вас организовать уборку подъезда №3. Полы не мыты уже более двух недель, на лестничных клетках пыль и песок, стены в пятнах. Уборка проводится крайне редко и некачественно. Просьба повлиять на уборщицу и составить график.",cleaning,0,formal,не вымыт подъезд
да здравствуйте это квартира 45 кароче никак не дозвонюсь в диспетчерскую у нас на площадке мусоропровод забит уже неделю вонь стоит жуть и мухи летают а выносить некуда кто убирать будет сделайте что нибудь пожалуйста,cleaning,0,voice,забит мусоропровод
"дравствуйте уо, у нас возле бака во дворе гора мусора, пакеты растащены собаками, все летает по округе. Убирали крайний раз наверно месяц назад. Примите меры, во дворе невозможно ходить, бардак полный.",cleaning,0,typo,мусор во дворе
"Вы вообще чем занимаетесь?! У нас в лифте грязь, стены в надписях, на полу лужи и окурки! Уборщица появляется раз в месяц и смотрит на это! Я уже устала писать! Если не наведете порядок до пятницы, я подаю жалобу в ГЖИ и прокуратуру! Денег не плачу за такое!",cleaning,0,emotional,грязь в лифте
"Лужа у подъезда, грязно и скользко. Уберите ступеньки.",cleaning,0,short,грязь на крыльце
"Здравствуйте. В подъезде №3 лифт при вызове останавливается этажом выше, а двери закрываются с сильным хлопком. Прошу провести диагностику и устранить неисправность в кратчайшие сроки.",lift,0,formal,Шум при закрытии дверей
здравствуйте кнопка вызова лифта на пятом этаже не работает приходится пешком ходить сделайте что нибудь,lift,0,voice,Не работает кнопка вызова
лифт шумит как трактар при движении в 2 подьезде уже две недели нужен мастер проверьте,lift,0,typo,Посторонний шум при движении
Сколько можно?! Лифт опять проезжает мимо нашего этажа! Вы вообще чем занимаетесь? Или мне в ГЖИ писать? Срочно почините!,lift,0,emotional,Лифт не останавливается на этаже
Лифт не приезжает на вызов. 1 подъезд.,lift,0,short,Лифт не вызывается
"В моей квартире №23 на кухне прорвало трубу горячего водоснабжения. Кипяток бьет под давлением, перекрыть вентиль невозможно, вода заливает пол и соседей снизу. Требуется немедленный выезд аварийной бригады.",water,1,formal,прорыв трубы ГВС
алло диспетчерская у нас в туалете засор канализации из унитаза лезет вода с дерьмом уже всё на полу помогите срочно приезжайте,water,1,voice,засор канализации с розливом
"Здрасти, у нас в подьезде прорвало трубу, вода холодная хлещет, подвал затапливает, подьезд 2, нужно срочно перекрыть воду, а то фундамент размоет куда звонить не знаем",water,1,typo,прорыв трубы ХВС в подвале
"Вы вообще работаете?! У меня из стояка ГВС хлещет кипяток, уже вся кухня в пару, дети дома, боюсь ошпариться! Немедленно пришлите АДС или я звоню в МЧС и прокуратуру!!!",water,1,emotional,утечка ГВС из стояка
"Канализация забита, стоки в моей квартире, срочно приезжайте!",water,1,short,засор канализации с переполнением
"Здравствуйте, прошу обратить внимание на слабый напор холодной воды в квартире №45. Напор снизился на этой неделе, прошу провести проверку и устранить причину.",water,0,formal,низкий напор ХВС
здравствуйте это квартира 12 у нас в ванной капает кран горячей воды не сильно но постоянно сделайте что нибудь,water,0,voice,капает кран ГВС
Здравствйте! В туалете в третем подезде постояно бежит бачёк. Кажется засор или чтота с клапаном. Придите почините,water,0,typo,течь бачка унитаза
"Вы что там совсем охренели?! Уже неделю из крана течет ржавая вода! Как мы должны мыться и готовить?! Немедленно примите меры, иначе я пишу жалобу в ГЖИ и прокуратуру!",water,0,emotional,ржавая вода
вода из крана воняет 2 подъезд,water,0,short,неприятный запах воды
"Здравствуйте, требуется срочный выезд АДС. Над входом в третий подъезд нависла огромная глыба льда сосулька, может рухнуть в любую минуту. Люди ходят, дети. Прошу оградить опасный участок и сбить сосульки немедленно, пока не случилась беда.",other,1,formal,Сосульки на кровле
да здравствуйте тут кароче балкон на пятом этаже ходуном ходит и куски штукатурки с фасада падают вниз на тротуар страшно жутко пришлите кого нибудь срочно и огородите там всё а то убьёт кого нибудь,other,1,voice,Отслоение штукатурки фасада
здрасти у нас на фасаде дома обшивка отходит и висит на одном гвозде прямо над детской площадкой щас упадет и зашибет кого то приезжайте быстрее огородите и уберите,other,1,typo,Угроза падения элементов фасада
"КОГДА ВЫ УЖЕ НАЧНЕТЕ ЧТО-ТО ДЕЛАТЬ?! У НАС С КРЫШИ ТЕЧЁТ ТАК, ЧТО ПОТОЛОК В ПОДЪЕЗДЕ РУХНУЛ! ЧЕРДАК ВЕСЬ В ВОДЕ, ПЕРЕКРЫТИЕ МОЖЕТ ОБРУШИТЬСЯ В ЛЮБУЮ СЕКУНДУ! ВЫ ЧТО ЖДЕТЕ, ПОКА ДОМ РАЗВАЛИТСЯ? Я ВЫЗЫВАЮ АДС И БУДУ ЖАЛОВАТЬСЯ В ГЖИ НА БЕЗДЕЙСТВИЕ!",other,1,emotional,Протечка кровли
"Сильный запах гари в подъезде, дым из чердака. Срочно!",other,1,short,Задымление чердака
"Здравствуйте, я житель квартиры 45, подъезд 3. В моей квартире батареи еле тёплые, температура в комнатах не поднимается выше 15 градусов. Прошу проверить систему отопления и принять меры для устранения проблемы.",heating,0,formal,слабое отопление
да здравствуйте это из 5 подъезда кв 12 у нас батарея чуть теплая а вчера вообще была холодная потрогайте может воздух там скажите когда придете,heating,0,voice,завоздушивание
"Здравствуйте. В кварире 78 на первом этаже батарея в спальне не греет вообще, остальные греют нормально. Похоже на завоздушивание. Придите спустите воздух. Труба горячая а батарея холодная.",heating,0,typo,завоздушивание
"Кому платим за отопление?! В квартире дубак, батареи ледяные уже третий день! Вы когда почините? Сделайте что-нибудь, мы с детьми замерзаем! Вызываю ГЖИ и прокуратуру, если не придёте!",heating,0,emotional,отсутствие отопления
Радиатор в кухне холодный. Кв. 23.,heating,0,short,холодный радиатор
"Здравствуйте. В подъезде №3 сломался доводчик на входной двери, она теперь постоянно хлопает с огромной силой, особенно ночью. Проживаю в квартире 45, прошу отрегулировать или заменить доводчик в рамках плановых работ.",door,0,formal,доводчик двери
добрый день тут это домофон в первом подъезде не работает вообще экран чёрный кнопки не реагируют соседи звонят в другие квартиры а нам никто не может набрать код домофона,door,0,voice,домофон не работает
"здрасти, замок на двери подвала тт заедает, ключь тяжело повернуть, мы туда с коляской не можем попасть, почините пож",door,0,typo,замок подвала
"Когда вы уже почините дверь в подъезд?! Стекло вставлено какое-то левое, холод собачий, а эта ваша железная дверь вообще не закрывается! Я уже писала вам три раза, никакой реакции! Жаловаться буду в ГЖИ, у меня ребёнок маленький!",door,0,emotional,входная дверь не закрывается
"Не открывается калитка, кнопка домофона утонула.",door,0,short,кнопка вызова домофона
"Здравствуйте, в нашем доме в подъезде №2 на мусорной площадке первого этажа наблюдается сильное задымление и запах гари. Предположительно, в мусоропровод брошено непотушенное горючее вещество, что привело к возгоранию отходов. Прошу незамедлительно направить аварийно-диспетчерскую службу, а также уведомить пожарную охрану. Ситуация угрожает жизни и здоровью жильцов. С уважением, квартира 7.",cleaning,1,formal,возгорание мусоропровода
да здравствуйте тут кароче лифт этаж пятый и из мусорки дым валит воняет горелой пластмассой я вызываю вас кароче приезжайте быстрее а то как бы не загорелось всё квартира 23 подъезд 1,cleaning,1,voice,задымление мусоропровода
"Дравствуйте, я из кв 18. В мусаропроводе на 4 этаже сильный дым и запах гари. Кто-то выбросил непотушеную сигарету или что-то горит. Приезжайте срочно, а то пожар. Мы в подъезде не можем дышать.",cleaning,1,typo,тлеющий мусор
"Это что за бардак! Уже второй раз за месяц мусоропровод горит! Сейчас весь подъезд в дыму, дети кашляют! Вы вообще собираетесь что-то делать или только деньги собирать?! Немедленно пришлите аварийную бригаду и вызовите МЧС, а то мы найдем управу на вас, ГЖИ уже в курсе!! Квартира 35.",cleaning,1,emotional,пожар в мусоропроводе
"Мусоропровод горит, дым в подъезде!",cleaning,1,short,горящий мусор
"Здравствуйте. В подъезде №3 на первом этаже из электрического щитка идёт дым и слышно потрескивание, видна искра. Просим срочно направить аварийную бригаду, так как возможен пожар. Квартира 15, Иванова А.П.",light,1,formal,искрит щиток с дымом
да здравствуйте кароче у нас в подъезде щиток искрит и дымом пахнет уже страшно помогите срочно приезжайте,light,1,voice,запах гари в щитке
"в щитке на площядке 2 этажа сильное искрение, запах гари, чуствую опасность. Приезжайте немедленно, пожар будет",light,1,typo,сильное искрение в щитке
"Да что за УК! У вас провода горят! У нас в подъезде щиток искрит, дым валит, вы вообще за безопасность отвечаете?! Немедленно пришлите электрика, а то я в ГЖИ позвоню и заявлю на вас!",light,1,emotional,дым и искры из щитка
"Искрит щиток, дым в подъезде!",light,1,short,искрение и задымление
"Я, житель квартиры 45, сообщаю о прорыве трубы горячего водоснабжения в подвале. Горячая вода заливает подъезд, стоит пар. Прошу направить аварийную бригаду немедленно.",water,1,formal,прорыв трубы ГВС
да здравствуйте у меня кароче засорилась канализация все течет из унитаза и ванна заливается сточными водами вонь жуткая приезжайте скорее это авария,water,1,voice,засор канализации
прарвало кран на стаяке халодной вады вада хлещет не магу закрыть уже залило всю кваритру и саседей скорее высылайте аварийку,water,1,typo,прорыв ХВС
"У нас ЛОПНУЛА труба отопления! Горячая вода с паром, потолок мокнет, соседи снизу тонут! Ваша УО вообще ничего не делает! Я сейчас же звоню в МЧС и ГЖИ, мало не покажется!",water,1,emotional,прорыв отопления
"Кипяток из стояка, заливает квартиру.",water,1,short,прорыв стояка ГВС
"Здравствуйте, прошу обратить внимание на состояние лестничной площадки в подъезде №3. Уже несколько дней не проводится влажная уборка, полы в липких пятнах, перила покрыты пылью. Прошу организовать уборку согласно графику.",cleaning,0,formal,Грязный подъезд
да здравствуйте у нас во дворе у мусорки вечно разбросано кароче ужас ветер разносит пакеты и бумажки приберите пожалуйста а то дети играют рядом,cleaning,0,voice,Мусор во дворе
здравствуйте у подезда №5 уже неделю не вывозят мусара из баков и воняет ужастно примите меры плиз,cleaning,0,typo,Не вывозят мусор
"Когда уже ваша УК начнёт мыть полы в подъезде?! Грязь развели, паутина по углам, а мы платим вам за содержание! Надоело! Напишу жалобу в ГЖИ, если не исправите!",cleaning,0,emotional,Не моют подъезд
"мусоропровод воняет в 1 подъезде, забит",cleaning,0,short,Забит мусоропровод
"Я, житель квартиры 7 подъезда 2, заявляю о переполнении мусорных контейнеров у дома. Отходы разбросаны по всей придомовой территории, в том числе острые предметы. Это создает угрозу здоровью жителей, особенно детей. Требую незамедлительной уборки и вывоза мусора.",cleaning,1,formal,мусор на придомовой территории
"здрасти аварийка? у нас на лестнице перила завалены мусором и старыми вещами, даже пройти нельзя, а если пожар случится, мы все сгорим, приезжайте убирайте",cleaning,1,voice,захламление путей эвакуации
"помагите, в мусаропроводе застрял мешок, весь мусор высыпался на пол, в подъезде запах и мухи, дети идут в школу, могут поскользнуцца, срочно вычистите",cleaning,1,typo,засор мусоропровода
"Вы вообще с ума сошли?! На площадке у подъезда какой-то придурок разлил химию, собрал мусор и все это тлеет, дымом несет, мы задыхаемся! Немедленно вызывайте МЧС и убирайте все! Я позвоню в ГЖИ и прокуратуру!",cleaning,1,emotional,тлеющий мусор с химикатами
"Мусорный бак горит у подъезда, дым!",cleaning,1,short,возгорание мусорного бака
"Прошу срочно направить аварийную бригаду по адресу: ул. Ленина, д. 10, кв. 25. В квартире произошел прорыв стояка отопления, из трубы под давлением бьет горячая вода, идет пар. Перекрыть самостоятельно невозможно, существует угроза затопления нижерасположенных квартир. Требуется немедленное вмешательство АДС.",heating,1,formal,прорыв стояка отопления
да здравствуйте у нас в квартире лопнула батарея кипяток хлещет прямо на пол пар стоит ничего не перекрыть помогите адрес 5 этаж 3 подъезд приезжайте скорее,heating,1,voice,лопнул радиатор
"прорвало трубу отопления в падвале, пар идёт, горячия вода льется, всё затопило, не знаю как перекрыть, приезжайте срочно, дом 15 подезд 2",heating,1,typo,течь в подвале
"Вы что там совсем охренели?! У нас радиатор разорвало! Кипяток по стенам, в квартире парит как в бане! Соседи снизу уже звонят! Приезжайте немедленно, иначе я в ГЖИ заявлю и на вас в суд подам!",heating,1,emotional,разрыв радиатора
Батарею прорвало! Заливает! АДС срочно!,heating,1,short,прорыв батареи
"Я, житель квартиры 7, нахожусь в застрявшем лифте между 2 и 3 этажами. Двери не открываются, кнопка вызова не работает. Прошу срочно направить аварийную бригаду.",lift,1,formal,Застревание пассажира
дарова я в лифте застрял и тут пахнет гарью кажись пожар помогите срочно,lift,1,voice,Дым в шахте
"Я застрал в лифте с ребенком 2 года, лифт резко остановился, двери не открыватся, очень страшно, приезжайте скорее",lift,1,typo,Застревание с ребенком
"Вы совсем охренели?! Лифт опять встал между этажами, я тут как в клетке, темно и страшно, вы хоть понимаете, что это опасно?! Немедленно выезжайте, а то я подам на вас в ГЖИ и суд!",lift,1,emotional,Застревание без света
"Лифт упал, я ранен, помогите",lift,1,short,Падение лифта
"Здравствуйте. Лифт в подъезде №2 при движении издает посторонний скрежет, особенно при подъеме. Прошу провести диагностику и устранить неисправность.",lift,0,formal,Шум при движении
да здравствуйте это из третьего подъезда лифт кароче не приезжает на первый этаж кнопка вызова не работает хотя сверху он ездит и двери открываются сделайте что нибудь,lift,0,voice,Не вызывается на этаж
здрасти у нас в лифте кнопка первого этажа западает и не срабатывает пришлось ехать на второй и идти пешком почините пожалйста,lift,0,typo,Неисправность кнопок
"Уважаемая УК, сколько можно?! Лифт в нашем подъезде опять сам открывает и закрывает двери, страшно заходить с ребенком! Если не отремонтируете, я напишу жалобу в ГЖИ и прокуратуру!",lift,0,emotional,Самопроизвольное открытие дверей
"лифт скрипит, 4 подъезд",lift,0,short,Шум при движении
"Здравствуйте. В подъезде №3 сломался доводчик на входной двери. Дверь теперь с силой хлопает, что мешает жильцам. Прошу заменить доводчик.",door,0,formal,доводчик
да здравствуйте кароче домофон не открывает дверь слышно абонента а кнопка не работает сделайте что нибудь,door,0,voice,домофон
заклинило замок на двери подвала ключ не провернуть прошу заменить,door,0,typo,замок подвала
"Когда вы уже почините дверь в подъезде?! Она заедает, еле открывается, просто ужас! Сколько можно ждать? Жаловаться буду в ГЖИ!",door,0,emotional,входная дверь
не открывается дверь подъезда,door,0,short,входная дверь
"Здравствуйте. В квартире №45 по адресу ул. Ленина, д. 10, подъезд 3, слабый напор холодной воды в кухонном смесителе. Прошу провести проверку и устранить проблему. Также хочу отметить, что в ванной напор нормальный. С уважением, Иванова А.П.",water,0,formal,слабый напор ХВС
да здравствуйте это из 12 квартиры у нас на кухне вода из крана еле течет и бежит тонкой струйкой наверное засорился аэратор или что-то с трубами посмотрите пожалуйста,water,0,voice,слабый напор ХВС
"Здравствуйте! У нас в ванной подтекает смеситель, капает вода когда закрыт. Уже неделю. Приходите почините. Кв 78, подъезд 2.",water,0,typo,подтекает смеситель
"Достало! Напор воды в душе еле-еле, мыться невозможно! Вы что, вообще не следите за трубами? Все соседи жалуются! Срочно исправьте, иначе я в ГЖИ!",water,0,emotional,слабый напор ГВС
засор раковины на кухне кв 5,water,0,short,засор раковины
"Прошу срочно организовать удаление сосулек с карниза крыши дома № 10 по ул. Садовая, подъезд 3. Ледяные наросты свисают над тротуаром, есть угроза жизни прохожих. Требую незамедлительного принятия мер.",other,1,formal,сосульки
да здравствуйте это из третьего подъезда у нас балкон на четвертом этаже рухнул наполовину вниз куски летят на газон там люди ходят приезжайте скорее,other,1,voice,обрушение балкона
"с фасада дома по адресу морская 15 отвалилась большая плитка упала на тротуар, хорошо никого не задело, остальные части тож трещат, огородите место и отбейте опасные куски",other,1,typo,отслоение фасада
"Вы совсем охренели?! У нас с крыши сосульки висят как копья, того гляди прохожего проткнут! Я уже звонила в аварийку, никто не едет! Сейчас же огородите зону и сбейте лед! Я буду жаловаться в ГЖИ и прокуратуру!",other,1,emotional,сосульки
"Кровля проваливается, потолок рушится",other,1,short,протечка кровли
"Здравствуйте. Я проживаю в квартире №15 по адресу ул. Ленина, д. 3, подъезд 2. В течение последних трёх дней батареи в комнате остаются едва тёплыми, хотя на улице мороз. Прошу направить специалиста для проверки системы отопления и устранения неполадки.",heating,0,formal,холодные батареи
да здравствуйте это квартира 34 у нас батарея в зале холодная а в спальне горячая и слышно как вода булькает наверное воздух в трубах придите развоздушьте пожалуйста,heating,0,voice,завоздушивание
"здрасти, в подвале 2 подъезда капаит с трубы отопления, уже небольшая лужа, но не горячая. Придити посмотрите, а то затопит.",heating,0,typo,течь на трубе отопления
"Когда уже вы наладиете отопление?! У нас батареи еле тёплые, дети мёрзнут, температура в квартире 16 градусов! Я уже писала, никто не приходит. Вызываю ГЖИ, если не отреагируете!",heating,0,emotional,холодные батареи
"Батареи чуть тёплые, 2 подъезд, кв 7",heating,0,short,холодные батареи
"Да что ж вы там все спите?! В щитке на втором этаже что-то стреляет и искрит, уже дым пошёл! Сейчас весь дом сгорит! Вызывайте АДС немедленно, я в 5-й квартире, убегаем!",light,1,emotional,искрит щиток в подъезде
алло диспетчер тут в подъезде провод висит оборванный искрит прям у входа в первый подъезд боюсь что дети заденут приезжайте скорей,light,1,voice,оборванный провод у входа
"Уважаемая управляющая компания! В нашем подъезде (подъезд №3) из электрического щитка на лестничной клетке между 2 и 3 этажом идёт дым и слышно потрескивание. Прошу направить аварийную службу незамедлительно, так как существует угроза возгорания. Жилец кв. 45, Иванов А.С.",light,1,formal,дым из щитка
извените за беспакойство в коробке на стене в подезде 2 этаж 5 видно огонь и искры трещит страшно придите побыстрее,light,1,typo,огонь в распредкоробке
"Искрит щиток в подъезде, дым. Жду АДС.",light,1,short,искрит щиток
"В мусорной камере подъезда 3 возникло возгорание, из мусоропровода идёт густой дым, в подъезде сильный запах гари. Прошу направить аварийную бригаду незамедлительно, существует угроза распространения огня. Адрес: ул. Советская, д. 12, подъезд 3.",cleaning,1,formal,возгорание мусоропровода
да здравствуйте тут в первом подъезде из мусоропровода бежит какя то жижа гнилостная вонь страшная по всему подъезду уже потоп приезжайте скорее это авария,cleaning,1,voice,протечка гнилостной жидкости
"срочно! в подезде 2 обрушился мусаропровод куски падают с верху, опастно для жызни, вызывайте адс немедлено",cleaning,1,typo,обрушение мусоропровода
"Это что за бардак?! У подъезда горят мусорные баки, огонь уже к стене дома подбирается! Вы где, уроды? Я звоню в МЧС, а вы обязаны немедленно приехать и потушить! УК — бездельники, всех засужу!",cleaning,1,emotional,горящие контейнеры
"Вонь из мусорной камеры, люди задыхаются. Срочно АДС!",cleaning,1,short,загазованность от мусорной камеры
"Я застрял в лифте между 5 и 6 этажами, двери не открываются, кнопка вызова не работает. Прошу немедленно направить аварийную бригаду, внутри очень душно.",lift,1,formal,застрял между этажами
да здравствуйте я застрял в лифте кароче свет мигает двери не открывает помогите вызовите аварийку быстро,lift,1,voice,застрял в кабине
"Срочна! Я застрал в лифте на 4 этаже, двери не открываются, темно, паника. Вызавите аварийку, скорее!",lift,1,typo,застрял на этаже
"Я застряла в этом дурацком лифте уже полчаса! Свет погас, я задыхаюсь! Немедленно пришлите спасателей, а то я вызову МЧС и подам на вас в суд!",lift,1,emotional,"лифт обесточен, человек заперт"
"Застрял в лифте, 5 подъезд, срочно!",lift,1,short,человек заперт в лифте
"Здравствуйте, УК. В квартире 45, подъезд 3, на стояке отопления в комнате сильный свищ, брызжет горячая вода с паром, начинает заливать пол и соседей снизу. Прошу срочно прислать аварийную службу, перекрыть стояк.",heating,1,formal,свищ на стояке
да здравствуйте это квартира 15 у нас батарея лопнула и кипяток хлещет прямо на пол пар стоит не знаю что делать приезжайте быстрее,heating,1,voice,прорыв батареи
"здраствуйте у нас в 7 кв прорвало трубу отопления грячий поток льет, все заливает, адрес тчк срочно нужна аварийка",heating,1,typo,прорыв трубы отопления
"Это что за безобразие?! У нас в квартире фонтан из батареи, горячая вода с паром по всей комнате! Мы затапливаем соседей! Вы там все спите?! Вызывайте немедленно АДС или я в ГЖИ звоню, будете отвечать!!!",heating,1,emotional,фонтан из радиатора
"Батарея лопнула, кипяток хлещет.",heating,1,short,лопнула батарея
"Я, житель квартиры №45, подъезд 3, прошу принять меры по уборке лестничной клетки. На площадке второго этажа уже несколько дней валяются окурки и обертки от продуктов, никто не убирает.",cleaning,0,formal,уборка лестничной клетки
здравствуйте это жительница пятого подъезда хочу пожаловаться на грязь в лифте постоянно какие то пятна и мусор на полу уберите пожалуйста,cleaning,0,voice,грязный лифт
"Жалуюсь на мусоропровод в первом подъезде. Он забит, вокруг пахнет, отходы не вывозят. Прошу почистить и убрать.",cleaning,0,typo,забит мусоропровод
"Сколько можно терпеть этот бардак! Уже неделю во дворе не вывозят мусор, баки переполнены, все валяется. Вы вообще за что деньги берете? Напишу жалобу в ГЖИ, если не уберете!",cleaning,0,emotional,переполненные мусорные баки
Не вымыт пол в холле 2 подъезд,cleaning,0,short,грязный пол в холле
В подъезде №3 лифт не реагирует на нажатие кнопки вызова с первого этажа. Прошу провести проверку и устранить неисправность.,lift,0,formal,не вызывается
здравствуйте это из пятой квартиры у нас лифт шумит когда едет как будто скрежет какой то сделайте что нибудь,lift,0,voice,шум при движении
лифт в подезде 2 не закрвается дверь стоит открытой уже час вызовите мастера,lift,0,typo,не закрываются двери
"Я уже не могу нажимать эту кнопку! Она вообще утонула в панели, пальцем не достать! Когда вы уже почините лифт? Бездельники, напишу жалобу в ГЖИ!",lift,0,emotional,сломана кнопка
"Лифт не едет, 4 этаж.",lift,0,short,не работает
"Здравствуйте, я проживаю в квартире 15, подъезд 3. Прошу принять меры по поводу слабого напора холодной воды на кухне. Вода идет тонкой струей, что делает невозможным нормальное использование. Прошу проверить стояк или внутриквартирную разводку.",water,0,formal,слабый напор ХВС
да здравствуйте кароче у меня в ванной вода еле течет и горячая и холодная смеситель открываю на всю а напор как будто кто-то пальцем закрыл помогите разобраться,water,0,voice,слабый напор ГВС и ХВС
"раковина на кухне засорилась, вода уходит очнь медленно, почти стоит. помите сделать прочистку, заранее спасибо, кв 7",water,0,typo,засор раковины
"Вы вообще чем занимаетесь?! Уже третью неделю из крана с горячей водой течет ледяная! Мыться невозможно! Сколько можно издеваться над людьми? Я уже написала жалобу в ГЖИ, если не исправите - будете иметь дело с прокуратурой!",water,0,emotional,нет ГВС (холодная вода)
"капает кран на кухне, нужен ремонт",water,0,short,течь крана
"Уважаемая управляющая компания! С фасада дома по адресу улица Ленина, 15 отваливается облицовочный кирпич и падает на тротуар, где ходят люди. Существует прямая угроза жизни. Прошу срочно оградить опасный участок и провести аварийные работы.",other,1,formal,обрушение фасада
"але это аварийка? у нас с крыши сосульки огромные висят прямо над входом в подъезд, сейчас упадут и убьют кого-нибудь, приезжайте скорей, видно же что оторвутся уже",other,1,voice,сосульки
"Здраствуйте, на балконе 3 подьезд обвалилась плита, висет на арматуре, можит рухнуть на людей. Срочно придитете, опастно!",other,1,typo,обрушение балкона
"У нас кусок кровли оторвало и упал прямо на детскую площадку! Чуть ребенка не убило! Вы там все с ума посходили? Немедленно оградите и чините, я буду жаловаться во все инстанции!",other,1,emotional,повреждение кровли
"Балкон рушится, 5 подъезд, опасно!",other,1,short,аварийный балкон
"Здравствуйте. Я жилец квартиры 45, подъезд 3. В комнате батарея едва тёплая, хотя на улице уже прохладно. Прошу направить специалиста для проверки стояка. С уважением, Иванов.",heating,0,formal,слабое отопление
але здравствуйте это говорит квартира 12 у нас батарея в зале холодная а другие норм наверно воздух в системе надо спустить пришлите кого нибудь,heating,0,voice,завоздушивание
"дравствуйте! в кухне радиатор чуть теплый, рукой потрогал - низ холодный походу завоздушило. Придите продуйте. кв 7.",heating,0,typo,завоздушивание
"У нас батареи в спальне чуть тёплые уже неделю, а вы все молчите! Ребёнок спит в кофте, это безобразие! Если не исправите, напишу жалобу в ГЖИ. Квартира 89, подъезд 5.",heating,0,emotional,температура батарей
"Радиатор чуть тёплый, нужен мастер",heating,0,short,слабое отопление
"В подъезде №3 на 5 этаже мусоропровод забит, из него вытекает зловонная жидкость, которая попала в электрический щиток. Просим немедленно устранить угрозу поражения током и замыкания.",cleaning,1,formal,Протечка из мусоропровода на щиток
да здравствуйте у нас в подъезде мусоропровод забит и все течет вниз кароче запах ужас и на первом этаже уже лужа и туда провода электрические идут очень опасно приезжайте скорее,cleaning,1,voice,Зловонная лужа у электрощита
здрасти у нас на плозядке гора мусара и битое стекло дети могут порезатса и кто-то бросил окурок подозрительный дым пахнет гарью плиз придите срочно,cleaning,1,typo,Захламление с признаками тления
"Вы что там совсем охренели?! У нас мусорный бак переполнен, все валяется на детской площадке, какие-то бомжи роются, вонь на весь двор, крысы бегают! А если дети заразятся?! Я уже звонила в ГЖИ, сейчас пожалеете!",cleaning,1,emotional,Антисанитария на детской площадке
мусор у двери блокирует выход,cleaning,1,short,Блокировка эвакуационного выхода
"Прошу срочно направить аварийную бригаду: в первом подъезде дома 5 по улице Ленина заклинило входную дверь, из-за чего жильцы не могут покинуть подъезд. На площадке находится пожилая женщина с сердечным приступом, требуется немедленная госпитализация, но дверь не открывается ни снаружи, ни изнутри.",door,1,formal,заклинило входную дверь
здравствуйте у нас в подвале дверь захлопнулась а там ребенок остался соседский мальчик лет пяти он плачет не можем открыть дверь приезжайте скорее,door,1,voice,захлопнулась дверь подвала
сломалась дверь тамбура на 3 этаже она зажала мне руку не могу вытащить помогите адс приезжайте быстрее,door,1,typo,дверь зажала руку
"Да что у вас за двери такие!!! Доводчик сломался, дверью придавило мою кошку, она орет, у подъезда лужа крови! Вы вообще за что деньги берете?! Немедленно пришлите людей, я в ГЖИ позвоню и заявление напишу!",door,1,emotional,придавило дверью
"Дверь подъезда заклинило, горим. Помогите!",door,1,short,блокировка эвакуации
"Здравствуйте. В электрощитовой на лестничной клетке третьего этажа подъезда №2 слышно сильное потрескивание, из щитка идёт дым и запах гари. Прошу направить аварийную бригаду для немедленного обесточивания и устранения неисправности. Ситуация опасна для жизни жильцов. Квартира 34, Иванов.",light,1,formal,дым и искрение в электрощите
але управляющая компания тут в подъезде щиток искрит сильно дым пошел пахнет гарью прям страшно приезжайте скорее пожар будет третий подъезд второй этаж,light,1,voice,искрение щитка с задымлением
"в щитке на площядке 5 этажа исскрит и гудет, видно пламя, 1 подезд, срочно нужна аварийка, боюсь загорания",light,1,typo,открытое пламя в щитке
"ДОКОЛЕ МОЖНО?! У НАС В ПОДЪЕЗДЕ ЩИТОК ИСКРИТ, ДЫМ ИДЁТ! ВЫ ЧТО ТАМ ВСЕ СПИТЕ? ЖДИТЕ ЖАЛОБУ В ГЖИ И ПРОКУРАТУРУ! НЕМЕДЛЕННО ВЫЗЫВАЙТЕ ЭЛЕКТРИКА, А НЕ ОТПИСКИ ПИШИТЕ!!!",light,1,emotional,возгорание электрощита
Щиток искрит дым 4 подъезд,light,1,short,искрение и задымление щитка
"Здравствуйте. Прошу провести влажную уборку в подъезде №3 на лестничной клетке между 2 и 3 этажом. Полы не мылись более двух недель, на плитке разлита жидкость, есть неприятный запах. Заявка не аварийная, но требует выполнения в плановом порядке.",cleaning,0,formal,Грязный подъезд
да здравствуйте это снова я с 5 подъезда у нас возле мусоропровода на этаже вечно мешки стоят по три дня уже просто куча мусора на полу и мухи летают сделайте что нибудь пожалуйста,cleaning,0,voice,Мусор у мусоропровода
"здрствуйте, у подезда №1 на газоне валяются бутылкт и пакеты, дворник не убирает уже неделю. Приберите пожалуйста, дети играют рядом.",cleaning,0,typo,Мусор во дворе
"Когда вы уже научитесь убирать?! Контейнерная площадка завалена картоном и ветками, баки переполнены, весь мусор разлетается по двору! Управляющая компания только деньги собирает, а работать не хочет! Напишу жалобу в ГЖИ, если не уберете в ближайшие дни!",cleaning,0,emotional,Переполненные контейнеры
"Мусоропровод забит на 4 этаже, пахнет. Прошу прочистить.",cleaning,0,short,Забит мусоропровод
"Прошу провести обследование фасада дома по адресу ул. Мира, 10, подъезд 1. Обнаружена трещина в межпанельном шве, в которую попадает атмосферная влага. Прошу включить ремонт в план работ.",other,0,formal,трещина на фасаде
здравствуйте это квартира 23 беспокоит хочу сказать что на балконе отходит плитка но не падает просто вид некрасивый сделайте что нибудь пожалуйста,other,0,voice,отслоение плитки на балконе
"Здраствуйте! В подезде на 4 этаже протикает крыша, но не сильно, капает в одном месте. Нужно заделать швы. Адрес: ул. Садовая, 3, подъезд 2. Кв 45.",other,0,typo,протечка кровли
"Сколько можно терпеть вашу халатность?! Балконная плита у меня в трещинах уже два года, вы только обещаете сделать ремонт! Я напишу жалобу в ГЖИ и прокуратуру, если не примите меры!",other,0,emotional,трещина на балконной плите
У нас забит водосточный желоб,other,0,short,засор водосточного желоба
"Прошу срочно направить аварийную бригаду. В квартире 7 произошёл разрыв трубы отопления, идёт пар, горячая вода заливает пол и перекрытие. Угроза затопления соседей.",heating,1,formal,разрыв трубы отопления
алло аварийная у нас в квартире батарея лопнула горячая вода хлещет пар стоит приезжайте быстрее,heating,1,voice,лопнула батарея
"в кв 15 прорвало стаяк отопления кипяток льет на пол, заливает саседей снизу, аварийка нужна срочно, помогите!!!",heating,1,typo,прорыв стояка
"Вы что там все с ума посходили?! У нас радиатор взорвался, кипяток фонтаном бьёт, весь подъезд в пару! Немедленно высылайте аварийку, а то я сейчас в ГЖИ дозвонюсь и на вас заявление накатаю!",heating,1,emotional,взрыв радиатора
"Течь отопления, пар, потоп!",heating,1,short,течь отопления
"Уважаемая управляющая компания! Прошу обратить внимание на работу лифта в третьем подъезде. Лифт при движении издаёт постоянный скрежет, особенно при остановке. Это создаёт дискомфорт для жильцов. Просьба провести проверку и устранить неисправность.",lift,0,formal,шум при движении
да здравствуйте это из третьего подъезда лифт на нашем этаже не вызывается кнопка не работает нажимаю а он не приезжает приходится ходить пешком сделайте что нибудь,lift,0,voice,не работает кнопка вызова
здраствуйте у нас в лифте не закрываются двери одна дверь заедает при закрытие изза этого лифт стоит долго на этаже прошу починить,lift,0,typo,заедает дверь лифта
"Когда уже вы отремонтируете лифт?! Он дёргается как будто его бьёт током! Я каждый раз боюсь в него заходить! Это же опасно! Напишу в жилищную инспекцию, если не пришлёте мастера!",lift,0,emotional,рывки при движении
Не работает подсветка в лифте.,lift,0,short,нет освещения
"Уважаемая управляющая компания, прошу принять меры по поводу слабого напора холодной воды в квартире 47. В утренние и вечерние часы вода из смесителя еле течет, что делает невозможным нормальное пользование. Прошу провести проверку и устранить неисправность.",water,0,formal,слабый напор ХВС
да здравствуйте тут квартира восемь вода из горячего крана чуть теплая уже несколько дней и напор слабый помогите разобраться,water,0,voice,слабое ГВС
здраствуйте у нас в кухне капает кран холодной воды уже две недели не могу дозвонится до вас исправте пожалуста,water,0,typo,капает кран
"Когда уже вы наведете порядок?! Вода из холодного крана идет ржавая и с песком уже третий день! Я устала стирать белье в такой воде. Если не отреагируете, напишу жалобу в ГЖИ и прокуратуру!",water,0,emotional,ржавая вода
течет бачок унитаза 3 подъезд,water,0,short,течь бачка
В подъезде №3 на 5 этаже не горит лампа в тамбуре. Просьба заменить в течение 3 дней.,light,0,formal,не горит лампа в тамбуре
да здравствуйте у нас в щите на первом этаже что то щелкает и свет мигает когда лифт ездит посмотрите пожалуйста,light,0,voice,щелчки в щитке
"на лестнтчной клетке 2 подьезда мигает лампа дневного света, замените",light,0,typo,мигает лампа
Когда вы уже замените провода в нашем подъезде?! Уже месяц из розетки в коридоре сыпется песок и пахнет горелой изоляцией! Вы чего ждете пожара? Жалобу в ГЖИ пишу!,light,0,emotional,запах горелой изоляции
не горит свет в холле 1 этаж,light,0,short,нет света в холле
"Прошу срочно принять меры по устранению угрозы падения сосулек с кровли дома по адресу ул. Ленина, д. 10. Сосульки свисают над входом в подъезд №2, их вес угрожает жизни прохожих. Требуется немедленный вызов аварийной службы.",other,1,formal,сосульки
да здравствуйте у нас балкон трещит и отваливается кусок плиты прямо над детской площадкой приезжайте скорее пока не убило кого нибудь,other,1,voice,обрушение балкона
"на фасаде дома атарвалась штукатурка и висит на арматуре, можыт упасть на галаву, срочна приезжайте, а то будет позно",other,1,typo,отслоение фасада
"Вы что там совсем охренели?! Крыша с дома слетает, шифер летит во двор, чуть не убило ребенка! Я вызову ГЖИ и прокуратуру, если вы немедленно не пришлете аварийку! Это аварийная ситуация, люди гибнут!",other,1,emotional,срыв кровли
"Вижу сосульку над входом, упадет!",other,1,short,сосульки
"Уважаемая управляющая компания, прошу обратить внимание на недостаточный прогрев радиатора в квартире №45. Батарея в комнате чуть тёплая, в остальных комнатах нормально. Просьба направить специалиста для проверки системы отопления.",heating,0,formal,недостаточный прогрев
здрасте это квартира 12 у нас батарея в спальне холодная наполовину а внизу горячая наверно воздух в трубе как спустить не знаю пришлите кого нибудь,heating,0,voice,завоздушивание
"Здраствуйте. В кухне радиатор чуть тёплый, а полотенцесушитель в ванной вообще ледяной. Это не авария но хочется тепла. Пришлите мастера. Кв 78",heating,0,typo,холодный полотенцесушитель
"Когда уже вы наладитe отопление?! Батарея в детской еле тёплая, ребёнок мёрзнет! Каждый год одно и то же! Немедленно пришлите слесаря, а то я в ГЖИ позвоню!!!",heating,0,emotional,слабый нагрев радиатора
Радиатор в зале не греет. Кв. 5,heating,0,short,неработающий радиатор
"В подъезде №3 на первом этаже из электрического щитка идёт дым и слышно треск. Прошу направить аварийную бригаду немедленно, существует угроза пожара.",light,1,formal,дым из щитка
да здравствуйте у нас в подъезде щиток искрит и дымится сильно приезжайте скорее пожар будет,light,1,voice,искрение щитка
"срочно! в щитке на площадке 2 этажа искрит проводка, запах гари, можыт взорватся. приезжайте быстрее",light,1,typo,искрит проводка
"Вы что там все с ума посходили?! У нас в подъезде проводка горит, дым стоит! Если что случится, я на вас в ГЖИ и в суд подам! Немедленно высылайте аварийку!!!",light,1,emotional,запах гари
"Искрит щиток, дым. Аварийно!",light,1,short,искрит щиток
"В подъезде №3 на втором этаже из мусоропровода идёт густой дым и запах гари. Похоже, началось возгорание отходов. Прошу срочно направить АДС и вызвать пожарных. Мусоропровод не открываю, опасаюсь огня.",cleaning,1,formal,задымление мусоропровода
да здравствуйте у нас в мусорке на первом этаже что-то горит дым валит вонь страшная приезжайте скорее пожарные нужны,cleaning,1,voice,пожар в мусорном контейнере
"Извените за ошибки, в мусаропроводе пахнет гарью, видемо что-то тлеет, адыс вызывайте, боюсь пожара",cleaning,1,typo,тление отходов в мусоропроводе
"Да что же это такое! Мусоропровод уже неделю не чистят, а сегодня вообще дым повалил!!! Вы что, хотите, чтобы мы все сгорели?! Немедленно вызывайте АДС, это аварийная ситуация, я уже звоню в ГЖИ!",cleaning,1,emotional,возгорание мусоропровода
"Горит мусорка у подъезда, дым!",cleaning,1,short,горящий мусорный бак
"Прошу провести осмотр кровли над подъездом №3, так как после недавнего дождя на лестничной клетке появились следы протечки. Просьба включить этот вопрос в план текущего ремонта.",other,0,formal,кровля
да здравствуйте это квартира 45 кароче на балконе трещина по стене растет и штукатурка сыпется вниз на газон может кто-нибудь посмотрит не авария но страшно,other,0,voice,балкон
на фасаде дома с торца отошла облицовка плитка висит на проводе можит упасть на людей проверьте и закрепите прошу не ураган но выглядит опасно,other,0,typo,фасад
"Когда уже займетесь сосульками?! Второй год пишу, а они висят как сабли! Хоть бы огородили ленточкой, а то страшно мимо идти. Вечно у вас всё через жопу!",other,0,emotional,сосульки
Когда будет собрание по капремонту?,other,0,short,вопрос
"В квартире 45 прорвало стояк отопления, горячая вода с паром заливает пол и стены. Перекрыть не можем. Прошу срочно направить аварийную бригаду, существует риск затопления всех нижних этажей.",heating,1,formal,прорыв стояка отопления
здравствуйте у нас батарея лопнула вода кипятком хлещет прямо на пол я не знаю что делать уберите все срочно помогите,heating,1,voice,разрыв радиатора
"трeбуеться аварийка! в подьезде на 3 этаже течь с стояка отопления, паром всё заволокло, горячая вода лужами, заливает квартиры, приезжайте немедленно",heating,1,typo,течь стояка отопления
"Да что у вас за управляющая компания! У нас в квартире трубу отопления разорвало, кипяток фонтаном бьёт! Мы тут тонем, а вы молчите! Это же авария! Немедленно пришлите людей, я на вас в ГЖИ пожалуюсь!",heating,1,emotional,разрыв трубы отопления
"радиатор лопнул, горячая вода, потоп, срочно!",heating,1,short,авария радиатора
"Прошу провести уборку подъезда №3, так как уже длительное время не моются полы и лестничные клетки. Пыль и грязь накапливаются, что нарушает санитарные нормы. Просьба принять меры.",cleaning,0,formal,грязный подъезд
здравствуйте тут в первом подъезде мусоропровод забит и вокруг него грязь ужасная пришлите уборщицу пожалуйста,cleaning,0,voice,забит мусоропровод
"В подезде 5 на 2 этаже грязно, мужики курят и окурки везде, полы не моют неделю. Сделайте уборку",cleaning,0,typo,грязный подъезд
"Когда уже наведут порядок?! Весь двор в мусоре, баки переполнены, ветер разносит пакеты! Это безобразие! Жаловаться буду в ГЖИ, если не уберете!",cleaning,0,emotional,мусор во дворе
"Грязный подъезд, уберите. Лифт воняет.",cleaning,0,short,грязь в лифте
"Я житель квартиры 12, сообщаю: входная дверь в подъезде №3 заклинила, замок не проворачивается. Внутри подъезда остались люди, включая пожилых, никто не может выйти. Требуется немедленное вскрытие двери аварийной службой.",door,1,formal,заклинило замок
здравствуйте тут кароче доводчик на двери подъезда сломался дверь сама закрывается с такой силой что чуть не прибила моего ребёнка пришлите кого-нибудь срочно,door,1,voice,доводчик
у нас в подвале сорвало дверь с петель она висит и может упасть на людей. пришлите ремонтников быстрее,door,1,typo,дверь подвала
"Вы что там совсем охренели?! Входная дверь в первом подъезде разбита, осколки на крыльце, мой ребёнок ходит! Немедленно пришлите кого-нибудь, а то я в ГЖИ позвоню!",door,1,emotional,разбитое стекло
"Я и соседи заперты в подъезде, дверь не открыть. Срочно!",door,1,short,заблокирована дверь
"В квартире №45 слабый напор холодной воды в кухонном кране, просим проверить давление на стояке.",water,0,formal,Слабый напор ХВС
да здравствуйте я по воде звоню у нас в ванной капает кран как бы постоянно капает и не закрывается полностью заедает,water,0,voice,Капает кран в ванной
"В 3 подьезде в подвале течь на трубе холодной воды, но тичет не сильно, потеет только. Пришлите сантехника посмотреть.",water,0,typo,Потение трубы ХВС в подвале
"Когда уже вы почините этот дурацкий слив в раковине на кухне! Вода уходит час, вечно засор, никакой ремонт не помогает. Хватит кормить обещаниями, примите меры!",water,0,emotional,Засор кухонной раковины
Вода из крана еле течет,water,0,short,Слабый напор ГВС
"Здравствуйте. В квартире №45, подъезд 3, батареи в комнате едва тёплые. Прошу проверить систему отопления и устранить завоздушивание.",heating,0,formal,Слабое тепло батарей
да здравствуйте кароче батареи в зале чуть тёплые а на кухне вообще холодно что делать пришлите кого нибудь,heating,0,voice,Неравномерный нагрев
Здравствуйте! У нас в квартире №12 стояк отопления гремит как будто булькает. Слышно постоянно. Это не авария но мешает спать. Примите меры.,heating,0,typo,Шум в стояке
"Когда вы уже нормально отопление настроите?! Второй год одна батарея холодная, УК только деньги собирает. Пишу жалобу в ГЖИ, если не исправите!",heating,0,emotional,Холодный радиатор
"Батарея чуть тёплая, 5 подъезд, кв. 78.",heating,0,short,Слабое тепло батарей
"Здравствуйте. Обращается житель квартиры 45, подъезд 3. Лифт не реагирует на кнопку вызова с первого этажа. Индикатор горит, но кабина не приезжает. Прошу провести диагностику и устранить неисправность.",lift,0,formal,лифт не вызывается
да здравствуйте это квартира 18 второй подъезд у нас лифт какой-то странный шум при движении как будто скрежет металла но ездит вроде бы нормально посмотрите пожалуйста,lift,0,voice,шум при движении
"Здрасти, лифт в 5 подъезде плохо раотает: кнопка первого этожа не нажимается, приходится нажимать с силой. Лифт ездит, но неудобно. Почините.",lift,0,typo,неисправна кнопка в кабине
"Когда вы уже почините этот лифт?! Двери закрываются так быстро, что чуть не прищемили руку моему ребёнку! Это безобразие! Я уже устала писать жалобы! Если не примете меры, пойду в ГЖИ!",lift,0,emotional,быстрое закрытие дверей
"В лифте не работает свет, 4 подъезд.",lift,0,short,отсутствие освещения
"Я, жилец квартиры 15, прошу заменить перегоревшую лампу в холле третьего этажа, так как освещение отсутствует уже несколько дней. Свет неисправен, но аварийной ситуации нет.",light,0,formal,замена лампы
здравствуйте у нас на площадке свет плохо мигает кароче лампочка наверное сгорела в третьем подъезде на втором этаже сделайте ченить,light,0,voice,мигающий свет
"Дравствуйте, в парадной на 5 этаже не роботает выключатель, приходитса включать с телефона. Не аварийно но не удобно. Почините плиз.",light,0,typo,неисправен выключатель
"Когда уже вы замените лампочку в тамбуре?! Уже неделю ходим в темноте, я себе ногу чуть не вывихнула! Не дожидайтесь, пока я в ГЖИ напишу!",light,0,emotional,отсутствие света в тамбуре
не горит лампа во дворе,light,0,short,освещение двора
"Я, житель квартиры 12, сообщаю об аварийном состоянии фасада: от стены дома 3 отслаиваются фрагменты штукатурки и кирпича, падают на придомовую территорию. Прошу немедленно принять меры: оградить опасную зону и выслать аварийную бригаду для устранения угрозы жизни людей.",other,1,formal,отслоение штукатурки фасада
здравствуйте это аварийка у нас на крыше сосульки огромные нависли прямо над входом в подъезд сейчас рухнут приезжайте скорее,other,1,voice,сосульки на кровле
"кароче на фасаде отходит облицовка, куски кирпича падают вниз, рядом детская площадка, срочно приездейте, а то убьет кого-нибудь",other,1,typo,обрушение облицовки фасада
"Вы издеваетесь что ли? С крыши сосульки длиной в метр висят, чуть на голову не упали! Я уже в ГЖИ звоню! Немедленно высылайте аварийную бригаду и огораживайте вход, пока не случилось несчастье! Уроды!",other,1,emotional,сосульки у подъезда
Кусок штукатурки упал у подъезда!,other,1,short,падение штукатурки
"Обращаюсь с просьбой о немедленной аварийной помощи. В электрощитовой на первом этаже подъезда №3 слышно потрескивание, появился отчетливый запах гари, из щита вылетают искры. Прошу направить аварийную бригаду безотлагательно.",light,1,formal,искрение в щитке
алло управляющая компания у нас в подъезде искрит проводка и дым идет из щитка приезжайте скорее горит все,light,1,voice,дым из щитка
здраствуйте в подезде на 5 этаже из розетки искры летят и плавленым пахнет авария придите быстрее,light,1,typo,искры из розетки
"Вы что там совсем охренели?! У нас в электрощитке уже полыхает, искры во все стороны, вонь на весь подъезд! Аварийку вызывайте немедленно, а то я сам в ГЖИ позвоню и на вас заявлю!",light,1,emotional,возгорание щитка
"Искрит щиток, запах гари, 2 подъезд",light,1,short,искрение щитка
"Уважаемая управляющая компания! Прошу провести осмотр кровли над подъездом №2. После дождя на чердаке появляются лужи, видны трещины в шифере. Просьба включить в план ремонта. С уважением, Иванов А.П., кв. 23.",other,0,formal,кровля
да здравствуйте это по поводу балкона на четвертом этаже первого подъезда с фасада отходит штукатурка кусками но пока не падает не могли бы вы убрать чтоб не свалилось ни на кого заранее спасибо,other,0,voice,балкон
здравствуйте на фасаде дома с торца между 3 и 4 этажами большая трещина расходится. Прошу проверить и составить акт. Кв 45.,other,0,typo,фасад
"Когда уже вы уберете эти сосульки с козырька над входом?! Вода льется на ступеньки, люди поскальзываются! Вечно вы ничего не делаете! Жалоба в ГЖИ будет!",other,0,emotional,сосульки
"На чердаке гуляют голуби, дыры в кровле. Подъезд 5.",other,0,short,кровля
"Здравствуйте. Я житель квартиры 78, подъезд 5. Из мусоропровода в подъезде идёт густой дым и чувствуется запах гари. Похоже, в мусоросборнике что-то загорелось. Прошу срочно направить аварийную бригаду и вызвать пожарных, так как существует угроза распространения огня. Нужно немедленно перекрыть мусоропровод и принять меры.",cleaning,1,formal,возгорание мусоропровода
да здравствуйте у нас в первом подъезде на втором этаже разбился градусник и ртуть раскатилась по полу я не знаю что делать уберите пожалуйста срочно это опасно,cleaning,1,voice,разлив ртути
здравствуйте у нас в подезде обрушился мусоропровод сверху сыпется мусор и обломки заблокирован проход к лифту просим срочно приехать огородить опастность,cleaning,1,typo,обрушение мусоропровода
"Это что за безобразие! На детской площадке возле дома валяются шприцы с иглами! Мои дети могли уколоться! Вы что, хотите чтобы мы все заразились? Немедленно высылайте АДС и убирайте это! Я уже звоню в ГЖИ!",cleaning,1,emotional,медицинские отходы на площадке
"Канализация в мусоросборнике прорвана, всё плывёт. Срочно нужна АДС.",cleaning,1,short,прорыв канализации в мусорокамере
"Прошу срочно направить аварийную бригаду. В квартире №17 по адресу ул. Строителей, д.3, подъезд 2, лопнул радиатор отопления, из него под напором выходит кипяток и пар, происходит затопление квартиры и лестничной клетки. Есть риск ожогов и повреждения имущества. Требуется немедленное перекрытие стояка.",heating,1,formal,прорыв радиатора
да здравствуйте это из 5 подъезда у нас в квартире батарея лопнула горячая вода фонтаном бьёт пар стоит всего заливает уже вызовите аварийку побыстрее,heating,1,voice,лопнула батарея
срочно течь стояка отопления в подвале 3 подъезда горячая вода хлещет пар идёт затопило всё бегом приезжайте,heating,1,typo,течь стояка
"ВЫ ЧТО ТАМ, СОВСЕМ ОФИГЕЛИ?! У НАС В КВАРТИРЕ ВЗОРВАЛСЯ РАДИАТОР! ВЕЗДЕ КИПЯТОК, ПАР, СТЕНЫ ГОРЯЧИЕ, СОСЕДЕЙ СНИЗУ ЗАТОПИЛО! НЕМЕДЛЕННО ВЫЗЫВАЙТЕ АВАРИЙКУ, А НЕ ТО Я В ГЖИ ПОЖАЛУЮСЬ И В ПРОКУРАТУРУ!",heating,1,emotional,взрыв радиатора
"Пар из батареи, течь, подъезд 2",heating,1,short,пар из батареи
"Здравствуйте, управляющая компания. Я проживаю в квартире №45, подъезд 3. Уже несколько недель в нашем подъезде не проводится влажная уборка, на полу и лестничных пролетах скопились пыль и грязь. Прошу организовать уборку в ближайшее время.",cleaning,0,formal,грязь в подъезде
алло управляющая компания это житель третьего подъезда у нас тут мусоропровод забит и на полу все разбросано уберите пожалуйста уже неделю никто не убирает,cleaning,0,voice,забит мусоропровод
здравствуйте я из 2 подъезда кв 12 у нас подьезд не убирают вообще мусор валяется возле мусоропровода и лифте грязно сделайте чтонибудь,cleaning,0,typo,мусор у мусоропровода
"Когда вы уже начнете убирать в нашем дворе?! Уже второй месяц мусор не вывозится, баки переполнены, крысы бегают! Это безобразие! Вы только деньги собираете, а работать не хотите? Я буду жаловаться в ГЖИ!",cleaning,0,emotional,переполненные баки
"Мусор во дворе, не убирают. Подъезд 4.",cleaning,0,short,мусор во дворе
"Здравствуйте, аварийная служба. В подвале нашего дома (ул. Ленина, д. 5, подъезд 2) произошёл прорыв трубы горячего водоснабжения. Дверь в подвал заперта, открыть её не можем, а перекрыть воду нужно немедленно. Прошу срочно направить аварийную бригаду для вскрытия двери.",door,1,formal,доступ в подвал при прорыве
але ну че за фигня у нас дверь в подъезде заклинило все выйти не могут в том числе бабка с третьего этажа ей плохо скорая приехать не может сделайте че нибудь,door,1,voice,заклинило дверь
входная дверь в первом подьезде сарвалась с петель и лежит на площатке перекрывает проход помогите,door,1,typo,дверь сорвана с петель
"Вы что там совсем охренели?! Запасной выход в нашем подъезде заперт на замок и ещё заколочен! Если пожар - мы все сгорим! Немедленно сделайте что-нибудь, я уже в ГЖИ звоню!",door,1,emotional,заблокирован запасной выход
"Дверь подвала заперта, вода хлещет",door,1,short,доступ в подвал при прорыве
"Прошу устранить неисправность лифта в подъезде №2. При нажатии кнопки вызова кабина не приезжает, при этом лифт работает у соседей. Просьба провести проверку и ремонт.",lift,0,formal,не приходит на вызов
здравствуйте это жительница 3 подъезда у нас лифт когда едет сильно гремит и скрипит как будто щас развалится но пока работает проверьте его пожалуйста а то страшно,lift,0,voice,шум при движении
"Лифт в 5 подезде двери плохо закрываются, приходится несколько раз нажимать кнопку. Ещо кнопка этажа 7 залипает. Почините пожалуста.",lift,0,typo,плохо закрываются двери
"Когда вы уже почините лифт?! Он каждый раз издает жуткие звуки, страшно ездить на работу! Двери открываются и сразу закрываются, не успеть выйти! Жаловаться буду в ГЖИ, если не отреагируете!",lift,0,emotional,двери открываются и закрываются
"Мигает свет в лифте, 1 подъезд.",lift,0,short,мигает свет
"Я, житель квартиры 15, сообщаю, что с фасада нашего дома обрушился значительный кусок штукатурки. Осколки упали прямо у входа в подъезд, есть риск дальнейшего обрушения. Прошу немедленно принять меры.",other,1,formal,обрушение фасада
здравствуйте уважаемая диспетчерская у нас на крыше огромные сосульки висят прямо над входом в подъезд они могут рухнуть на людей срочно пришлите кого-нибудь,other,1,voice,сосульки на кровле
"на балконе в 3 подьезде трещена росте, плита может упасть. примите меры срочно, опасно для жильцов.",other,1,typo,аварийный балкон
"ВЫ ЧТО ВООБЩЕ ДЕЛАЕТЕ?! У НАС ПОТОЛОК В КВАРТИРЕ РУХНУЛ ИЗ-ЗА ТЕЧИ КРОВЛИ! ВОДА ХЛЕЩЕТ, ШТУКАТУРКА НА ГОЛОВУ ПАДАЕТ! Я В ГЖИ ПОЖАЛУЮСЬ И В ПРОКУРАТУРУ, ЕСЛИ НЕ ВЫЗОВЕТЕ АВАРИЙКУ НЕМЕДЛЕННО!",other,1,emotional,протечка кровли
"Кирпич с фасада падает, срочно оградите.",other,1,short,отслоение кирпичной кладки
"В квартире 45 на пятом этаже прорвало трубу горячего водоснабжения. Кипяток хлещет по стояку, вода уже заливает соседей снизу. Прошу направить аварийную бригаду незамедлительно.",water,1,formal,прорыв трубы ГВС
да здравствуйте у нас в туалете потоп канализация обратно полезла всё воняет приезжайте скорее аварийка,water,1,voice,засор канализации
на ул ленина 12 подьезд 3 в подвале течет горячая вода пар валит срочно пришлите аварику,water,1,typo,утечка горячей воды
"Вы что там все с ума посходили?! У нас в квартире фонтан из стояка, вода кипяток, дети дома! Если сейчас не приедете, я в ГЖИ и в прокуратуру! Аварийка нужна немедленно, мы тонем!!!",water,1,emotional,прорыв стояка ГВС
"засорился стояк, всё плывёт",water,1,short,засор канализации
"Здравствуйте, я житель квартиры 14, подъезд 3. Прошу вас принять заявку по отоплению: батарея в спальне едва тёплая, хотя стояк горячий. Обращалась в диспетчерскую дважды, но мастера так и не было. Прошу провести проверку и при необходимости промыть или продуть радиатор. С уважением, Ольга Викторовна.",heating,0,formal,Слабое тепловыделение радиатора
да здравствуйте это квартира 7 батарея на кухне кароче булькает и верх холодный а низ горячий наверно воздух попал сделайте что нибудь чтобы спустили воздух а то скоро зима а у нас окна открыты,heating,0,voice,Завоздушивание радиатора
здравствуйте у нас в кв 33 на батарее в зале маленькая течь в месте где тудба подходит капает но не сильн хотелось бы чтоб подтянули или прокладку поменяли пока совсем не порвало,heating,0,typo,Микропотечь в соединении
"УК вы вообще чем занимаетесь?! Третью неделю батарея в детской комнате чуть тёплая, ребёнок спит в кофте и носках! Я уже писала заявки, звонила вам — толку ноль. Напишу в ГЖИ и Роспотребнадзор, если к пятнице не придёт слесарь!",heating,0,emotional,Холодный радиатор в детской
батарея еле тёплая весь стояк горячий подъезд 1 кв 5,heating,0,short,Неравномерный нагрев стояка
"Прошу провести осмотр балконной плиты квартиры 45. Обнаружены трещины в штукатурке, состояние плиты вызывает опасения. Просьба включить ремонт в план работ.",other,0,formal,балкон
да здравствуйте это опять я из 8 квартиры у нас на фасаде отваливается штукатурка под окном пока не падает но уже висит посмотрите пожалуйста,other,0,voice,фасад
"Здраствуйте, на чердаке возле 5 подъезда заметил протечку, вода капает с кровли в одном месте. Не авария но пусть кто-нибуть глянет.",other,0,typo,кровля
"Уже год пишу про трещины на фасаде дома, никто не реагирует. Когда начнете ремонт? Прошу хотя бы включить в план, не дожидайтесь беды.",other,0,emotional,фасад
"Сосульки на карнизе, проверьте.",other,0,short,сосульки
"Здравствуйте. В подъезде №3 из подвального помещения идёт густой дым. Дверь в подвал заперта, попасть внутрь невозможно. Прошу срочно направить аварийную службу для вскрытия двери и проверки. Адрес: ул. Ленина, д. 10, подъезд 3. Опасность задымления.",door,1,formal,дым из подвала
алло аварийка тут кароче дверь входную сорвало с петель она лежит поперек прохода и людей из подъезда выпустить не может особенно на втором этаже там старушка выйти не может дымом пахнет вроде пожар короче приезжайте быстрее,door,1,voice,сорвана входная дверь
здрасти у нас домофон не работает а я с ребенком на улице замерзли ключи забыли дверь не открыть на улице минус 20 приезжайте срочно адрес ленина 10 подъезд 1,door,1,typo,не работает домофон
"Это что за безобразие?! Ваш доводчик чуть не убил моего ребёнка! Дверь с такой силой хлопнула, что стекло разлетелось на осколки, они летели в людей! Мы теперь боимся выходить из подъезда! Вызывайте МЧС, немедленно огородите этот вход и всё исправьте, я напишу жалобу в ГЖИ!!!",door,1,emotional,разбито стекло двери
"Дверь заклинило, человек застрял, подъезд 2, срочно!",door,1,short,человек застрял в двери
"Здравствуйте, УК. В подъезде №5 на втором этаже жильцы складируют старую мебель и картонные коробки прямо перед эвакуационным выходом. Проход полностью перекрыт, при пожаре мы не сможем выйти. Прошу срочно вывезти мусор и устранить нарушение.",cleaning,1,formal,захламление выхода
але уо тут такое дело в третьем подъезде на первом этаже разлили ртуть из градусника кароче шарики катаются все дети бегают надо срочно приехать и убрать а то отравимся,cleaning,1,voice,разлита ртуть
"УО! В подъезде 7 на площадке 3 этажа разбросан мусор и осколки стекла, кто-то разбил банку, дети могут порезаться, срочно уберите, опасно! Кв 45",cleaning,1,typo,осколки стекла
"Да что у вас за УО?! В нашем дворе возле мусорных баков разбросаны шприцы и мусор, дети играют рядом! Это же опасно! Немедленно пришлите дворника, а то я напишу в ГЖИ и Роспотребнадзор! Подъезд 2, кв 56!",cleaning,1,emotional,шприцы во дворе
"Мусоропровод забит, пахнет гарью, подъезд 4, срочно!",cleaning,1,short,забит мусоропровод
"Здравствуйте, я житель квартиры 15, подъезд 3. В электрощитке на втором этаже сильное искрение, слышен треск, запах гари. Прошу срочно направить аварийную бригаду, так как возможен пожар.",light,1,formal,искрение в щитке
але здравствуйте это из 5 подъезда кароче в щитке на первом этаже что-то сильно искрит и дым идет уже вырубает свет во всем подъезде приезжайте быстрее,light,1,voice,дым из щитка
"здравствуйте в подезде 2 на площадке 3 этажа розетка искрит и пахнет пластмасой страшно, приезжайте скорее, адрес: ул. Ленина 10",light,1,typo,искрит розетка
"Да что за УК вообще?! У вас провода голые из щитка торчат, искрят так, что весь подъезд мигает, уже дым пошел! Вы хотите нас сжечь?! Немедленно вызывайте АДС, я буду жаловаться в ГЖИ!",light,1,emotional,оголенные провода в щитке
"Искрит щиток, дым, срочно!",light,1,short,искрит щиток
"Здравствуйте. В подъезде №3 плохо закрывается входная дверь, доводчик ослаб, из-за этого дверь остаётся приоткрытой. Просьба отрегулировать доводчик.",door,0,formal,доводчик не закрывает дверь
да здравствуйте тут кароче домофон в первом подъезде не работает кнопка открытия двери набираешь квартиру а она не открывает замок зря только жмешь кнопку надо бы починить,door,0,voice,домофон не открывает дверь
"Здравствуйте. В подезде 2 замок на двери подвала заедает, ключ проворачивается но щеколда не отходит. Раньше работал, сейчаз не открыть. Притенте мастер",door,0,typo,замок подвала заедает
"Когда уже почините дверь в подъезд?! Она хлопает как проклятая, доводчик стучит на весь дом, спать невозможно! Мы вам не раз писали, а воз и ныне там. Вызывайте мастера немедленно, иначе пожалуемся в ГЖИ!",door,0,emotional,стук доводчика
Доводчик на двери 5 подъезд сломан.,door,0,short,сломан доводчик
"Прошу провести уборку в подъезде №3, так как полы на лестничных клетках давно не мылись, а на площадках скопился бытовой мусор. Также необходимо вывезти крупногабаритные отходы, складированные у мусорных баков во дворе.",cleaning,0,formal,подъезд
да здравствуйте тут уборщица не приходила уже неделю у нас в подъезде грязь страшная и пахнет особенно на втором этаже прошу принять меры,cleaning,0,voice,подъезд
"здарвствуйте, на плошадке возле мусоропровда разбросан муссор и какието пакеты лежат, уберте пожалуста, 2 подъезд",cleaning,0,typo,мусоропровод
"Когда уже будет порядок во дворе?! Весь в мусоре, урны переполнены, ветки и листья никто не убирает. Вы вообще работаете или только деньги собираете? Жалобу в ГЖИ напишу!",cleaning,0,emotional,дворовая территория
Не вымыт пол в холле 1 этажа,cleaning,0,short,подъезд
"Здравствуйте, я житель квартиры №15, подъезд 3. С крыши нашего дома свисают огромные сосульки, одна уже упала возле входа, едва не задев прохожего. Требуется немедленно оградить опасную зону и сбить наледь, так как существует реальная угроза жизни людей. Прошу принять срочные меры.",other,1,formal,сосульки
да здравствуйте это аварийка? у нас на доме пять отходит кусок фасада прямо над тротуаром уже штукатурка падает чуть не убило человека приезжайте срочно огородите,other,1,voice,отслоение штукатурки
"с фасада дома отваливаются кирпичи, один упал рядом с подъездом, нужно срочно оградить и убрать, а то будет беда. адрес: ул. Ленина, 12, подъезд 2",other,1,typo,падение кирпичей
"Вы что там совсем охренели?! У нас балкон разваливается, куски бетона летят прямо на детскую площадку! Я уже вызвала полицию и напишу жалобу в ГЖИ, если вы сию секунду не пришлете аварийную бригаду! Это же убить могут!",other,1,emotional,разрушение балкона
"Срочно! Кровля рушится, заливает квартиру, потолок трещит.",other,1,short,протечка кровли
В подъезде №3 на 5 этаже не горит лампа в светильнике. Прошу заменить. Кв. 45.,light,0,formal,перегорела лампа
здрасте это снова я со второго подъезда у нас на площадке свет не работает в темноте страшно ходить сделайте что нибудь,light,0,voice,нет света на площадке
"на 4 этаже в первом подьезде перегорела лампочка втабличке светильника, замените пожалуйста, а то темно",light,0,typo,перегорела лампа
Доколе можно жить в темноте?! Уже неделю не горит свет в холле первого этажа! Вы вообще работаете или только деньги собираете? Жалобу в ГЖИ напишу!,light,0,emotional,нет света в холле
"Не горит лампа в подъезде, 2 этаж.",light,0,short,перегорела лампа
"Я, житель квартиры 12, подъезд 2, сообщаю, что лифт остановился между 4 и 5 этажом, и я нахожусь внутри кабины. Двери не открываются, кнопка вызова не работает. Прошу срочно направить аварийную службу.",lift,1,formal,застрял в лифте
здравствуйте это снова я с пятого этажа кароче лифт опять встал и я внутри как в клетке двери не открываются сделайте что-нибудь быстро а то я бояться начинаю,lift,1,voice,лифт остановился между этажами
застрил в лифте на 3 этаже двери не открываются очь холодно вызовите спасателей быстрее,lift,1,typo,застревание в кабине
"Вы что там совсем уже! Лифт опять сломался, я застряла с маленьким ребенком!! Это безобразие! Мы тут задыхаемся! Немедленно приезжайте, а то я напишу жалобу в ГЖИ и прокуратуру!",lift,1,emotional,застряла с ребенком
Лифт застрял. Я внутри. Срочно помощь.,lift,1,short,аварийная остановка лифта
"Здравствуйте, в квартире 45 по адресу улица Ленина, дом 5, произошёл прорыв трубы горячего водоснабжения. Вода заливает соседей снизу, необходимо срочное вмешательство аварийной службы.",water,1,formal,прорыв трубы ГВС
да здравствуйте кароче у нас в подвале потоп и вонь канализация забилась все течет не знаю что делать приезжайте скорее,water,1,voice,засор канализации
здрасти у меня в ванной потолок течет с верху вода капает горячая видимо труба лопнула у соседей помогите,water,1,typo,протечка с потолка
"Когда вы уже научитесь работать?! У нас уже второй раз за месяц прорвало трубу с холодной водой, весь подъезд в воде, дети не могут пройти! Вызывайте АДС немедленно, иначе я пишу жалобу в ГЖИ!",water,1,emotional,прорыв трубы ХВС
"У меня кипяток из крана, заливает соседей!",water,1,short,кипяток из крана
"Здравствуйте, я житель квартиры 12 в подъезде 3. В комнате батарея едва тёплая, хотя на улице холодно. Прошу проверить систему отопления и устранить завоздушивание.",heating,0,formal,слабое тепло батарей
да здравствуйте кароче батарея в комнате чуть подтекает капает так что подставил кружку пришлите сантехника подтянуть гайку,heating,0,voice,подтекает радиатор
"Жалоба: в зале батаря холная, а на кухне горячая, видать воздух в системе. Пришлите мастера развоздушить стояк. Кв 45.",heating,0,typo,завоздушивание стояка
"Почему в квартире холодно?! Уже третий день батареи чуть тёплые, а вы говорите ""идут работы""! Сколько можно терпеть? Жду сантехника сегодня, иначе пишу в ГЖИ!",heating,0,emotional,холодные батареи
У меня холодная батарея в квартире 8.,heating,0,short,холодная батарея
"Уважаемая управляющая компания, прошу провести осмотр балконной плиты в квартире 17 (подъезд 2). На балконе видны трещины и отслоение бетона, которые постепенно расширяются. Это создаёт риск обрушения фрагментов. Прошу включить ремонт в план текущего ремонта фасада.",other,0,formal,разрушение балконной плиты
да здравствуйте тут наше крыша вроде протекает в третьем подъезде на пятом этаже будет видно пятна на потолке и капает когда дождь сильный пришлите посмотрите пожалуйста,other,0,voice,протечка кровли
"Здраствуйте! В 1 подезде на фасаде оьваливаеться штукатурка с панелей, куски летят вниз. Ходить страшно. Приймите меры, заделайте дыры. Кв 5.",other,0,typo,отслоение штукатурки фасада
"Почему вы не убираете сосульки с балконов?! У меня над лоджией висит целая глыба, солнце припекает - вот-вот упадёт! Это просто ужас, мы с женой боимся выходить на улицу. Немедленно пришлите кого-нибудь сбить её, а то я сам вызову МЧС и напишу на вас во все инстанции!",other,0,emotional,сосульки и наледь
Козырек над подъездом треснул и провис,other,0,short,повреждение козырька
"В подъезде №3 на лестничной площадке 2 этажа разлито большое количество машинного масла. Жители подскальзываются, требуется срочная уборка с применением абсорбента. Прошу принять меры немедленно, так как есть риск падения людей.",cleaning,1,formal,разлитое масло на лестнице
да здравствуйте аварийка у нас тут мусоропровод дымит в подъезде пять запах гари сильный приезжайте скорее,cleaning,1,voice,дым из мусоропровода
"с крыжы свисаит большая глыба льда над входом в подэзд, уборка снега не сделана, может убить кавонибуть, срочно премите меры",cleaning,1,typo,ледяная глыба над входом
"ВЫ ЧТО ТАМ СОВСЕМ ОФИГЕЛИ?! ВОЗЛЕ ПОДЪЕЗДА ГОРИТ КОНТЕЙНЕР С МУСОРОМ, ОГОНЬ НА ДОМ ПЕРЕКИНЕТСЯ, ВЫЗЫВАЙТЕ МЧС И ПРИЕЗЖАЙТЕ НЕМЕДЛЕННО, Я В ГЖИ ПОЖАЛУЮСЬ!!!",cleaning,1,emotional,горящий мусорный контейнер
мусор заблокировал эвакуационный выход 1 подъезд,cleaning,1,short,завал аварийного выхода
да здравствуйте это квартира 45 у нас в подвале дверь заклинило а там соседка вниз спустилась за банками и не может выйти кричит помогите приезжайте скорее,door,1,voice,заклинило дверь подвала
"Да что за работа такая! Входная дверь заклинила, мы с ребенком заперты в подъезде, воняет дымом, вызывайте МЧС, я на вас в прокуратуру подам, немедленно пришлите кого-нибудь!",door,1,emotional,заклинило входную дверь
"Уважаемая управляющая компания! Прошу срочно принять меры в связи с аварийным состоянием доводчика входной двери в подъезде №3. Дверь захлопывается с большой силой, в результате чего был травмирован ребенок. Требуется немедленная замена доводчика.",door,1,formal,поломка доводчика
здрствуйте у нас в подезде домофон сломался дверь не открывается ваще все заперты внутри помогите авария,door,1,typo,не открывается дверь
"Вижу дым из подвала, дверь заперта",door,1,short,дым из подвала
"Здравствуйте, я житель квартиры 54. В подъезде №3 на первом этаже из электрического щитка идёт густой дым и слышно потрескивание. Прошу срочно направить аварийную бригаду, существует реальная угроза возгорания.",light,1,formal,дымит щиток
да здравствуйте тут кароче щиток в подъезде искрит сильно дым пошёл и запах гари я боюсь вызывайте аварийку быстрее,light,1,voice,искрит щиток
"в 5 подъезде на 2 этаже проада оголена иксрит, запах гари, плошадь задымлена, нужна аварийка срочно",light,1,typo,оголенные провода
"Вы что там совсем охренели?! У нас в подъезде проводка искрит и пахнет гарью, щиток дымит!!! Если пожар начнётся, я на вас в ГЖИ заявление напишу, вызывайте АДС немедленно!!!",light,1,emotional,запах гари
щиток дымит 4 подъезд срочно,light,1,short,дымит щиток
"Здравствуйте, прошу провести уборку в подъезде №3 на 5 этаже. Уже несколько дней не моют полы и не вытирают пыль на подоконниках. Прошу принять меры.",cleaning,0,formal,некачественная уборка подъезда
да здравствуйте короче у нас во дворе мусорка переполнена и вокруг баков всё валяется уже неделю приберите пожалуйста,cleaning,0,voice,переполненные мусорные баки
"здрасти, в подезде 4 на полу мусор и пятна, не моют уже неделю, сделайте что-нибудь",cleaning,0,typo,грязный пол в подъезде
"Да сколько можно! Воняет из мусоропровода на весь подъезд, развели антисанитарию! Я уже писала в УК, никто не реагирует! Примите меры немедленно, иначе я позвоню в ГЖИ!",cleaning,0,emotional,запах из мусоропровода
Не убран двор. Листья и мусор.,cleaning,0,short,неубранная дворовая территория
"Я, житель квартиры 45, обращаюсь с просьбой отремонтировать доводчик на входной двери третьего подъезда. Дверь закрывается с сильным хлопком, из-за чего в подъезде холодно. Прошу принять меры.",door,0,formal,неисправность доводчика
да здравствуйте это я из второго подъезда у нас домофон не работает на двери вообще не открывает я стою на улице замёрзла сделайте что нибудь,door,0,voice,не работает домофон
"здрстуйте я из 5 подъезда у нас не работает замок на двери подвала, дверь открыта, можт кто зайти, почините пожалуйста",door,0,typo,не работает замок подвала
"Я уже устал писать! Когда вы почините доводчик на входной двери?! Уже месяц дверь хлопает как ненормальная, я все нервы истратил, буду жаловаться в ГЖИ!",door,0,emotional,доводчик входной двери
"У меня не открывается домофон, 1 подъезд",door,0,short,домофон не открывает
"Я, житель квартиры 25, подъезд 3, нахожусь в лифте, который застрял между 4 и 5 этажами. Двери не открываются, кнопка вызова диспетчера не работает. Прошу немедленно направить аварийную бригаду для моего освобождения.",lift,1,formal,застрял между этажами
алло диспетчер я в лифте застрял между этажами помогите скорее двери не открываются воздуха мало,lift,1,voice,застрял в лифте
здравствуйте я в лифте застрял между 3 и 4 этажом двери не откраваются вызовите спасателей быстрее,lift,1,typo,застревание
"Какого черта ваш лифт опять встал?! Я застрял тут как дурак, у меня клаустрофобия и паника! Вызовите кого-нибудь немедленно, иначе я подам на вас в ГЖИ и напишу жалобу во все инстанции!",lift,1,emotional,застревание с паникой
"Я застрял в лифте, 5 подъезд.",lift,1,short,застрял в лифте
"Здравствуйте. В подъезде №3 на 2-м этаже не горит лампа освещения. Прошу заменить перегоревшую лампу в срок, предусмотренный регламентом. Квартира 25.",light,0,formal,перегоревшая лампа
да здравствуйте в подъезде на пятом этаже моргает свет и щёлкает выключатель кароче посмотрите пожалуйста,light,0,voice,мигание света
"здравствуйте у нас в подезде не работает лампочка на 1 этаже уже неделю, приезжайте замените",light,0,typo,отсутствие освещения
"Когда уже вы замените лампочку в подъезде?! У нас темнотища, можно ногу сломать! Вечно всё на потом, напишу жалобу в ГЖИ!",light,0,emotional,отсутствие освещения
"Не горит свет в подъезде, 4 подъезд.",light,0,short,перегоревшая лампа
"Я, собственник квартиры 12, сообщаю о прорыве трубы горячего водоснабжения в ванной комнате. Кипяток хлещет под давлением, перекрыть стояк нет возможности, вода уже заливает соседей снизу. Требую немедленного выезда аварийной бригады для отключения стояка.",water,1,formal,прорыв трубы ГВС
здравствуйте кароче у нас канализация засорилась из унитаза вода с дерьмом лезет по всей квартире вонь жуткая шваброй не успеваю собирать приезжайте скорее кв 78 подъезд 5,water,1,voice,засор канализации
"срочна памагите прорвало батарею или трубу в кухне вада кипит на полах уже все поплыла, дверь заклинило от разбухшего линолиума, аварийку вызывайте быстрее кв 3 подьезд 1",water,1,typo,прорыв трубы ГВС
"ДА ВЫ ЧТО ТАМ СОВСЕМ ОХРЕНЕЛИ?! У НАС ИЗ СТОЯКА ХВС ФОНТАНОМ ПРЕТ, В КВАРТИРЕ ПОТОП, ПОТОЛОК У СОСЕДЕЙ РУШИТСЯ! НИКТО НЕ ПРИЕХАЛ ЗА 20 МИНУТ! ВЫЗЫВАЮ ГЖИ И МЧС, БУДЕТЕ ЗА ВСЁ ПЛАТИТЬ, ТВАРИ! КВ 54 ПОДЪЕЗД 3!!",water,1,emotional,прорыв трубы ХВС
"канализацию прорвало, всё заливает, срочно пришлите аварйку",water,1,short,засор канализации
Здравствуйте. Требуется немедленный выезд аварийной службы: с крыши нашего дома нависают массивные сосульки над входом в подъезд №3. Существует прямая угроза жизни прохожих. Прошу оградить опасный участок и удалить наледь в кратчайшие сроки.,other,1,formal,сосульки
алло аварийка тут балкон шатается и куски штукатурки летят вниз на детскую площадку кароче срочно приезжайте пока не убило кого,other,1,voice,балкон
срочно! крыша течет кв 25 потолок обвалился вода идет по стенам заливает соседей не знаю что делать приезжайте быстрее,other,1,typo,кровля
"Вы что там совсем обнаглели?! С фасада отваливается облицовка и падает прямо на тротуар! Люди ходят под окнами! Я уже два раза звонила, никто не приехал! Немедленно вызывайте вышку и огородите проход, иначе я напишу в ГЖИ и прокуратуру!",other,1,emotional,фасад
"Сосулька упала у подъезда, чуть меня не убила. Срочно!",other,1,short,сосульки
"Прошу принять меры по улучшению отопления в квартире №45. Батареи в комнате едва теплые, температура в помещении не поднимается выше 18 градусов. Прошу направить специалиста для проверки системы.",heating,0,formal,слабое отопление
да здравствуйте это квартира семнадцать у нас батарея в спальне одна холодная остальные горячие кароче наверное воздух в трубах пришлите кого нибудь посмотреть,heating,0,voice,завоздушивание
"куаотртира 23. в кухне батарея течет маленько с крана, капает в банку. не авария но надоело. придите почините",heating,0,typo,течь радиатора
"Когда вы уже нормально сделаете отопление?! Третий день батареи чуть теплые, дети замерзают! Я требую немедленно проверить стояк, это просто безобразие! Позову в ГЖИ!!",heating,0,emotional,слабое отопление
в квартире холодно батареи не греют,heating,0,short,слабое отопление
"Здравствуйте. По адресу улица Ленина, дом 5, подъезд 3, на лестничной площадке между 2 и 3 этажом сильно искрит распределительный щиток. Виден дым, слышно потрескивание, запах горелой проводки. Прошу направить аварийную бригаду незамедлительно, так как существует угроза пожара.",light,1,formal,искрение щитка с дымом
да здравствуйте тут кароче в подъезде на первом этаже щиток искрит сильно аж дым валит и пахнет горелым пластиком я боюсь что загорится приезжайте быстрее,light,1,voice,искрение щитка с дымом
"згорэл щиток в подезде 4 на 2 этаже, видны искры и пламя, провода плавятся, воняет гарью, срочно выезжайте, а то пожар будет",light,1,typo,возгорание проводки
"Вы что там все с ума посходили?! У нас в подъезде уже полчаса искрит проводка, дым стоит коромыслом, света нет, воняет горелой изоляцией! Вы когда аварийку вышлете?! Чтобы я завтра же в ГЖИ на вас жалобу накатала за халатность! Немедленно приезжайте!",light,1,emotional,задымление в щитовой
"Здравствуйте, управляющая организация. Я проживаю в квартире 45, подъезд 2. В настоящее время на фасаде здания со стороны двора наблюдается отслоение штукатурки в районе балкона. Кусочки не падают, но существует риск дальнейшего разрушения. Прошу провести осмотр и запланировать ремонтные работы. С уважением, В. П. Смирнов.",other,0,formal,отслоение штукатурки фасада
здравствуйте это житель 15 квартиры у нас на чердаке капает вода из трубы протекает крыша но не сильно приезжайте посмотрите плиз,other,0,voice,протечка кровли
"Здравствуйте, у нас на балокне трещина по всей длине, не осыпается, но страшновато. Придите посмотрите, кв 33, подъезд 4",other,0,typo,трещина на балконе
"Доколе можно терпеть?! Уже месяц с подоконника в подъезде течёт, вы даже не отреагировали! Я все записала, подам жалобу в ГЖИ, если не пришлете мастера! Квартира 12, подъезд 5.",other,0,emotional,протечка в подъезде
Козырёк подъезда треснул.,other,0,short,трещина козырька
"Я житель квартиры 15, подъезд 2. На лестничной площадке между 3 и 4 этажом разлито масло, пол скользкий. Я сам чуть не упал, а пожилые люди могут пострадать. Прошу срочно направить АДС для устранения опасности.",cleaning,1,formal,разлитое масло на лестнице
здрасти это квартира 7 кароче в подъезде пахнет гарью и из мусоропровода дым валит наверное там что то тлеет приезжайте скорее,cleaning,1,voice,задымление мусоропровода
я с 3 подъезда у нас психический сосед выкинул в мусоропровод банку с химей и теперь едкий дым по всему подъезду дышать нечем,cleaning,1,typo,едкий дым от мусоропровода
"Вы что совсем офигели?! У подъезда в контейнере мусор горит! Я уже вызвала пожарных, но вы тоже обязаны приехать! Это ваша территория, вы обязаны убирать! Немедленно!",cleaning,1,emotional,горящий мусор в контейнере
Я поранился о стекло у подъезда,cleaning,1,short,осколки стекла у входа
Здравствуйте. В подъезде №3 неисправен доводчик на входной двери: дверь слишком быстро закрывается и сильно хлопает. Просим отрегулировать или заменить доводчик. Квартира 15.,door,0,formal,доводчик
да здравствуйте это из второй квартиры у нас домофон не работает набираешь код а он не открывает дверь приходится ждать пока кто-то выйдет сделайте что-нибудь,door,0,voice,домофон
"Добрый день, в подъезде 1 сломан замок на двери в подвал, дверь не закрывается, туда кто хочет лазит. Почините пожалуйста, кв 7",door,0,typo,замок подвала
"Когда уже вы почините этот чертов домофон?! Уже неделю не работает, я каждый раз не могу попасть домой! Вы вообще работаете или только деньги собираете?! Жалобу в ГЖИ напишу!",door,0,emotional,домофон
"доводчик не работает, 5 подъезд",door,0,short,доводчик
"Здравствуйте. Прошу произвести уборку в подъезде №3, так как полы не мылись уже более двух недель, на лестничных клетках пыль и грязь. Просьба усилить график уборки.",cleaning,0,formal,грязный подъезд
добрый день у нас во дворе возле третьей секции вечно бросают мусор мимо бака помогите пожалуйста наведите порядок а то собаки все растаскивают,cleaning,0,voice,мусор во дворе
"здарова уоп мусоропровод забился на пятом этаже, воняет жутко, а уборщица сказала что это не её дело. пришлите когонить прочистить",cleaning,0,typo,забит мусоропровод
"Когда вы уже наймете нормальную уборщицу?! Весь подъезд в листьях и окурках, а на площадке первого этажа лужа непонятно чего! Написала жалобу в ГЖИ, если не уберете к пятнице!",cleaning,0,emotional,грязь на лестничной клетке
"Двор не убран, мусор валяется.",cleaning,0,short,неубранная дворовая территория
"Я, житель квартиры 15, вынужден сообщить, что входная дверь подъезда №1 заблокирована из-за неисправности замка. В подъезде наблюдается сильное задымление, и я не могу покинуть здание. Требуется срочное вмешательство аварийной службы для открытия двери и эвакуации.",door,1,formal,заблокирована входная дверь
алло аварийка у нас дверь подъезда заклинило и не открывается вообще а я слышу как в подвале что то шипит и пахнет газом помогите приезжайте быстрее,door,1,voice,заклинило дверь подъезда
здравствйте у нас в подезде дверь в подвал заклинила а оттуда течет вода с кипятком не можем открыть дверь вода уже разливается по полу приезжайте срочно,door,1,typo,заклинило дверь подвала
"Да вы что там все обнаглели! Дверь в подъезд уже неделю не работает, а сегодня я вообще не могу выйти - замок заклинило! Я тут не один, соседи с детьми, у нас задымление! Вы вообще понимаете, что это опасно?! Если через 5 минут никого не будет, я звоню в МЧС и пишу на вас во все инстанции! Немедленно пришлите кого-нибудь!",door,1,emotional,заклинило замок входной двери
"дверь заклинило, дым, не могу выйти",door,1,short,"заклинило дверь, задымление"
"В квартире 15 на втором этаже произошёл прорыв трубы горячего водоснабжения, горячая вода заливает стены и пол, есть риск затопления соседей. Прошу направить аварийную бригаду немедленно.",water,1,formal,прорыв трубы ГВС
да здравствуйте у нас в подвале потекла канализация всё течёт в подъезд вонь стоит ужасная приезжайте скорее засор наверное,water,1,voice,засор канализации с розливом
"прорвало трубу хвс в ванной, вода хлещет, отключите стояк срочно, кварира 7, подьезд 3",water,1,typo,прорыв трубы ХВС
"Вы что там все с ума посходили?! У нас потоп, из стояка кипяток прет, у меня ребенок, я звоню уже час, а ваша АДС даже не отвечает! Я сейчас в ГЖИ позвоню и в прокуратуру, если вы не приедете немедленно!!!",water,1,emotional,кипяток из стояка
"Засор канализации, вода идет из унитаза, 5 подъезд, срочно!",water,1,short,засор канализации
"Я, проживающий в квартире №15, сообщаю, что в настоящий момент нахожусь в застрявшем лифте между 4 и 5 этажами в подъезде №2. Внутри кабины находятся еще два человека, одна пожилая женщина жалуется на нехватку воздуха. Требуется срочная помощь АДС.",lift,1,formal,застревание с людьми
да здравствуйте это из третьего подъезда мы застряли в лифте на первом этаже дверь не открывается и кажется пахнет гарью помогите быстрее,lift,1,voice,застревание с запахом гари
"я в лифте 5 подезд, застрял между 2 и 3, кнопки не работают, в кабине темно, вызовите аварийку, мне плохо",lift,1,typo,застревание с отказом кнопок
"Вы что там все с ума посходили?! Лифт опять сломался, я уже 20 минут вишу между этажами, у меня клаустрофобия, я задыхаюсь! Если вы немедленно не пришлете спасателей, я напишу жалобу в ГЖИ и прокуратуру!",lift,1,emotional,длительное застревание
"Застрял в лифте, 3 подъезд, срочно!",lift,1,short,застревание в лифте
"Я, житель квартиры 15, обнаружил, что с фасада нашего дома на уровне третьего этажа отслаивается штукатурка, куски уже падают на тротуар, где проходят люди. Прошу немедленно оградить опасный участок и прислать аварийную бригаду для устранения угрозы.",other,1,formal,отслоение штукатурки
да здравствуйте у нас на крыше сосульки огромные прямо над входом в подъезд уже две упали чуть не задели женщину приезжайте срочно огородите и сбейте их,other,1,voice,сосульки
здрасте я с 3 подъезда у нас балкон качяеться и плита отходит от стены может рухнуть вниз на людей придите срочно а то я в газовую позвоню,other,1,typo,аварийный балкон
"Вы вообще чем там занимаетесь?! У нас с фасада кирпичи на головы летят! Я уже в ГЖИ звоню и в прокуратуру! Немедленно приезжайте и огородите весь двор, пока кого-то не убило!",other,1,emotional,падение кирпичей с фасада
"У нас сосульки падают, срочно!",other,1,short,сосульки
"Здравствуйте, прошу направить слесаря для проверки системы отопления. В квартире 45, подъезд 3, радиатор в спальне чуть тёплый даже при полностью открытом кране, помещение не прогревается. Возможно, требуется регулировка или спуск воздуха.",heating,0,formal,слабо греют батареи
да здравствуйте кароче батарея в зале чуть теплая и в кране шипит воздух наверное завоздушилась позовите кого нибудь спустить воздух кв 8,heating,0,voice,завоздушивание радиатора
"здравствуйте батарея на кухни еле тёплая, на верху в трубке гарчи, сасиди говорят воздух в системе. Придите продуйте стояк. кв 12",heating,0,typo,завоздушивание стояка
"Вы что там совсем не работаете?! Сколько можно терпеть, батареи в детской ЛЕДЯНЫЕ, ребёнок мёрзнет, а вам лишь бы платежи собирать! Срочно пришлите слесаря, иначе жалоба в ГЖИ на вашу бездеятельность!",heating,0,emotional,холодная батарея в детской
Батарея чуть тёплая. Кв. 7.,heating,0,short,слабо греет радиатор
"Здравствуйте, я житель квартиры 12, подъезд 3. В подъезде на втором этаже перегорела лампа освещения. Прошу заменить лампу в ближайшее время.",light,0,formal,перегорела лампа в подъезде
да здравствуйте кароче у нас в подъезде свет мигает когда включается на площадке не пойму что с проводкой вызовите электрика,light,0,voice,мигает свет в подъезде
"здравствуйте у меня на площадке не работает выключатель света, нажимаеш а свет не загорается, посмотрите пожалуйста",light,0,typo,не работает выключатель
"Сколько можно игнорировать! Уже неделю не горит лампа в нашем подъезде, темно хоть глаз выколи! Вы что, ждете пока кто-нибудь упадет? Немедленно замените лампу, иначе я напишу жалобу в ГЖИ!",light,0,emotional,не горит лампа на лестнице
"У нас не горит свет, 2 подъезд.",light,0,short,отсутствие освещения
"Здравствуйте, управляющая компания. Из мусоропровода в первом подъезде исходит сильный запах газа, предположительно утечка. Прошу направить аварийную службу для проверки, это опасно для жизни жильцов.",cleaning,1,formal,Запах газа из мусоропровода
алё уо у нас в третьем подъезде мусоропровод горит дым валит срочно приезжайте пожар наверно,cleaning,1,voice,Возгорание в мусоропроводе
в подвале разлита какаято химия воняет жутко дышать нечем авария приезжайте скорее,cleaning,1,typo,Разлив химикатов в подвале
"Да что у вас за бардак! В мусорке уже неделю лежит дохлая крыса, вонь на весь подъезд, дети бегают, а вам всё пофиг! Вызывайте МЧС, это опасно, я в ГЖИ позвоню!",cleaning,1,emotional,Труп животного в мусорокамере
В подъезде разлита ртуть! Срочно!,cleaning,1,short,Разлив ртути
"Я, житель квартиры 12, сообщаю о заклинивании входной двери в подъезде №3. Дверь не открывается ни изнутри, ни снаружи, в подъезде сильное задымление. Прошу направить аварийную службу для немедленного вскрытия.",door,1,formal,заклинило дверь при задымлении
здравствуйте у нас в первом подъезде дверь сорвана с петель висит на одном шарнире качается вот-вот упадет на людей я боюсь выходить пришлите кого-нибудь срочно,door,1,voice,сорвана дверь с петель
я в 5 подезде дверь разбита стекло осколки острые торчат дети играют рядом могут порезатся срочно заделайте,door,1,typo,разбито стекло входной двери
"Я требую немедленно приехать! У нас дверь в подвал сорвана, оттуда дым валит и гарью пахнет! Вы что, хотите чтобы мы все сгорели?! Немедленно открывайте подвал и вызывайте пожарных, я уже в ГЖИ звоню!",door,1,emotional,дым и гарь из подвала
"Дверь заклинило, я заперт!",door,1,short,заблокирована дверь
"Уважаемая управляющая компания, я проживаю в квартире 12 дома по улице Ленина, 5. Обращаю внимание на отслоение штукатурки на фасаде здания со стороны двора. Трещины идут по стыку панелей, но куски пока не падают. Прошу провести осмотр и включить ремонт фасада в план работ. С уважением, житель кв. 12.",other,0,formal,фасад
здравствуйте это жительница пятого подъезда хочу сообщить что на крыше с краю висит небольшая сосулька над газоном не над тротуаром но дети там бегают примите меры пожалуйста когда будете сбивать снег,other,0,voice,сосульки
"кровля течет в районе 4 подъезда, потолок в подъезде мокрый, но не капает, прошу заделать шов, уже писали ранее. кв 56",other,0,typo,кровля
"Доколе можно терпеть этот бардак?! Балконная плита в третьем подъезде вся в трещинах, штукатурка местами отходит, пока не сыпется, но страшно. Требуем немедленно провести обследование и ремонт! Иначе я напишу в ГЖИ и прокуратуру!",other,0,emotional,балкон
"Протечка кровли в 1 подъезде, не капает, но мокрое пятно.",other,0,short,кровля
"Здравствуйте, управляющая компания. Обращается житель квартиры 15. В ванной комнате слабый напор холодной воды, особенно по утрам. Прошу проверить давление в стояке и провести регулировку. Кран на кухне капает, просьба заменить уплотнитель.",water,0,formal,слабый напор ХВС
да здравствуйте это из 25 квартиры у нас в туалете труба подтекает маленько капает на пол не авария но неудобно пришлите сантехника посмотрите пожалуйста,water,0,voice,течь трубы
"здравствйте. Из кв 7. в ванной слабый напор грячей воды, ели теплая. подскажите когда будет норм. И ещё в подвале подтеки возле счетчика",water,0,typo,слабый напор ГВС
"Сколько можно терпеть! Уже неделю из крана еле капает вода, ни помыться ни посуду помыть. Вы что там совсем охренели? Срочно пришлите кого-нибудь, иначе жалобу в ГЖИ напишу! Квартира 3, подъезд 2.",water,0,emotional,слабый напор
"Капает кран в кухне, кв 12.",water,0,short,капающий кран
"Здравствуйте, в электрощитовой на первом этаже подъезда №3 сильное искрение и запах гари, искры летят прямо из щитка. Прошу срочно направить аварийную бригаду, существует угроза пожара.",light,1,formal,искрит щиток
але управляющая компания кароче в щитке на площадке трешку искрит сильно и дым пошел я боюсь пожара приезжайте быстрее,light,1,voice,задымление щитка
"в подезде 5 на 2 этаже щиток гудит и искрит, пахнет гарею, авария, приезжайте срочна",light,1,typo,искрит щиток
"У НАС В ЩИТКЕ ИСКРИТ И ДЫМ ИДЕТ!!! ВЫ ЧТО ТАМ СПИТЕ?! ВЫЗЫВАЙТЕ АВАРИЙКУ НЕМЕДЛЕННО, ЭТО Ж ПОДЪЕЗД МОЖЕТ СГОРЕТЬ ИЗ-ЗА ВАШЕЙ ХАЛАТНОСТИ!!!",light,1,emotional,задымление щитка
искрит щиток дым 1 подъезд,light,1,short,искрит щиток
"Здравствуйте. В подъезде №3 на лестничной площадке 5 этажа не горит лампа в плафоне. Прошу заменить перегоревшую лампочку. Квартира 15, Иванов.",light,0,formal,перегорела лампа
да здравствуйте у нас в подъезде на втором этаже свет мигает постоянно кароче поменяйте лампочку а то глаза устают и страшно,light,0,voice,мигающий свет
"здрствуйте, в подезде 4 на площадке 3 этажа не работает выключатель освещения, свет не зажигается. исправте пожалуйста",light,0,typo,неисправен выключатель
"Когда уже вы замените лампочку в нашем подъезде?! Уже неделю сидим без света на первом этаже, дети спотыкаются! Вы вообще работаете или только деньги собираете? Жаловаться буду!",light,0,emotional,нет света на площадке
"Лампа в подъезде перегорела, 2 этаж.",light,0,short,перегорела лампа
"Прошу провести уборку лестничной клетки второго подъезда, так как она не убиралась более недели. На площадке скопились пыль и мусор, требуется влажная уборка.",cleaning,0,formal,неубранный подъезд
да здравствуйте это житель квартиры 15 первый подъезд у нас тут мусоропровод забит и воняет сделайте что нибудь,cleaning,0,voice,забит мусоропровод
"здравствуйте возле подьезда номер 3 валяются мешки с мусором уже неделю, приберите пожалуста, а то собаки растаскивают",cleaning,0,typo,мусор во дворе
"Когда уже вы уберете эту грязь в лифте? Я уже устал жаловаться! Пол в лифте в пятнах, стены в надписях, а вам все равно! Примите меры, иначе напишу в ГЖИ!",cleaning,0,emotional,грязный лифт
"не вымыт подъезд, 5 этаж",cleaning,0,short,грязный этаж
Здравствуйте. В подъезде №3 на 5 этаже не работает освещение. Просьба заменить перегоревшую лампу в светильнике. Обращение от квартиры 55.,light,0,formal,перегорела лампа
да здравствуйте это из третьего подъезда у нас на первом этаже свет моргает как-то странно сделайте что-нибудь пожалуйста,light,0,voice,мигает освещение
В 4 подьезде на площадке 2 этажа не горит лампа. Заявка от кв 12.,light,0,typo,не горит лампа
"Да когда уже вы замените лампочки?! У нас в подъезде темнотища, люди спотыкаются, а вам все равно! Работаете только деньги собирать!",light,0,emotional,нет света в подъезде
"Нет света в подъезде, 2 этаж.",light,0,short,нет света
"Здравствуйте, в подъезде №3 лифт застрял между вторым и третьим этажом, внутри находится человек (мой муж), просим срочно вызвать аварийную службу, связь с ним обрывается.",lift,1,formal,застрял человек
але управляющая компания у нас в лифте кто-то застрял кароче едет а двери не открываются люди там кричат приезжайте быстрее,lift,1,voice,застрел дверей
лифт начел падать с 5 этажа упал и не открывается внутри ребенок кричит помогите,lift,1,typo,падение лифта
"ВЫ ЧТО ТАМ ВООБЩЕ ДЕЛАЕТЕ?! ЛИФТ ОПЯТЬ СЛОМАЛСЯ И ТЕПЕРЬ ИЗ НЕГО ДЫМ ИДЕТ, Я БОЮСЬ ПОЖАРА, НЕМЕДЛЕННО ВЫЗЫВАЙТЕ АДС, А НЕ ОТПИСКИ! ПОЖАЛУЮСЬ В ГЖИ!",lift,1,emotional,задымление
"Лифт застрял, внутри люди, 2 подъезд",lift,1,short,застряли люди
"Уважаемая управляющая компания! С фасада дома по адресу улица Ленина, д. 5 отвалился большой кусок штукатурки, который упал на тротуар у подъезда №2. Оставшаяся часть фасада нависает и может обрушиться в любой момент. Требуется срочный выезд аварийной службы для ограждения опасного участка и устранения угрозы жизни прохожих. Квартира 15.",other,1,formal,Отслоение штукатурки фасада
алло дисетчерская так срочно у нас с крыши дома сосульки огромные висят прямо над входом в подъезд номер три уже одна упала чуть не убила соседку надо срочно приехать огородить и сбить их,other,1,voice,Сосульки над входом
здраствуйте с балкона 4 этажа отходит бетонная плита крошится куски падают на детскую площадку у дом 7 корпус 2 жто авария приезжайте быстро,other,1,typo,Разрушение балконной плиты
"КОШМАР! У НАС НА КРЫШЕ ВЕТРОМ ОТОРВАЛО ЛИСТ ЖЕЛЕЗА, ОН ВИСИТ НА КРАЮ И ПАДАЕТ НА МАШИНЫ! ВЫ ЧТО, ЖДЁТЕ ПОКА КОГО-НИБУДЬ УБЬЁТ?! НЕМЕДЛЕННО ВЫЗЫВАЙТЕ АВАРИЙКУ И ОГОРОДИТЕ ДВОР, ИНАЧЕ ЖАЛОБУ В ГЖИ ПОДАМ!",other,1,emotional,Сорванное кровельное покрытие
"Стена трещит, кирпичи сыпятся у подъезда 1, срочно!",other,1,short,Обрушение кладки фасада
"Здравствуйте. Я, собственник квартиры 56, прошу отремонтировать домофонную трубку в подъезде №3. При наборе кода дверь не открывается, слышен только гудок. Просьба направить специалиста и сообщить о сроках работ.",door,0,formal,домофон
да здравствуйте тут кароче замок на двери в подъезд сломан не закрывается вообще висит на соплях прихожу с работы а дверь нараспашку сделайте что нибудь,door,0,voice,замок
"Здрасти! Довотчик на двери во второй подъезд опять сломался, дверь хлопает сильно, аж стены трясутся. Я уже писал вам в прошлом месеце, но так и не починили. Примите меры пожалуйста.",door,0,typo,доводчик
"Вы что там совсем оборзели?! Дверь в подвал уже неделю не закрывается, туда кто хочет заходит, бомжи ночуют! Я боюсь за свою квартиру, мы вам платим за охрану, а вы пальцем не шевелите! Я напишу жалобу в ГЖИ и прокуратуру, если не исправите немедленно!",door,0,emotional,подвал
Не могу открыть входную дверь. Почините.,door,0,short,входная дверь
"Здравствуйте, по адресу ул. Гагарина, д. 12, подъезд 1, в подвале прорвало трубу горячего водоснабжения. Кипяток заливает подвал и поднимается по стояку в квартиры. Прошу срочно направить аварийную бригаду для устранения утечки.",water,1,formal,прорыв ГВС
да здравствуйте тут кароче вода из подвала фонтаном бьет горячая и пар стоит в подъезде кажись труба лопнула приезжайте скорее а то весь дом зальет,water,1,voice,прорыв трубы в подвале
"у нас в кв 45 засор канализации, из унитаза и раковины поднимается вода с грязью, уже на полу и воняет, все течет, приезжайте быстрее, потоп же",water,1,typo,засор канализации
"Вы что там совсем охренели?! У нас прорвало стояк холодной воды, вода хлещет по всей кухне, мы всё залили, потолки рушатся! Немедленно пришлите аварийку, а то я сейчас в ГЖИ и в прокуратуру позвоню, мало не покажется!!",water,1,emotional,прорыв стояка ХВС
"Канализация забита, стоки на полу, помогите!",water,1,short,засор канализации
"Я, житель квартиры №15, сообщаю о прорыве радиатора отопления в моей квартире. Горячая вода фонтаном бьет из батареи, полы заливаются, в квартире пар. Прошу немедленно направить аварийную бригаду и перекрыть стояк.",heating,1,formal,прорыв радиатора
але это диспетчерская у нас батарея лопнула кипяток хлещет сильно заливает соседей снизу приезжайте скорее,heating,1,voice,лопнула батарея
"здравствуйте у нас в подезде ченить с отоплением из трубы пар идёт и вода горячая бежит по стояку, кажись теч на 5 этаже, приезжайте срочно",heating,1,typo,течь стояка
"КОШМАР!!! У НАС ПРОРВАЛО ОТОПЛЕНИЕ!!! ГОРЯЧАЯ ВОДА ЛЬЕТСЯ ПОТОКОМ, ВСЕ ЗАЛИВАЕТ, ПАР НЕЧЕМ ДЫШАТЬ, ВЫ ЧТО ТАМ СПИТЕ?! НЕМЕДЛЕННО ПРИШЛИТЕ АВАРИЙКУ ИЛИ Я ВЫЗЫВАЮ МЧС И ЖАЛУЮСЬ В ГЖИ!!!",heating,1,emotional,прорыв отопления
"Прорвало стояк, горячая вода, заливает квартиру",heating,1,short,прорыв стояка
"В подъезде №3 заклинило входную дверь, невозможно покинуть здание. Внутри находятся люди, требуется срочная помощь АДС.",door,1,formal,заклинило дверь
здравствуйте аварийная ситуация дверь подъезда не открывается мы заперты внутри помогите,door,1,voice,блокировка выхода
"В подезде 5 дверь заклинило наглухо, не магу выйти, на улице пожар, вызывайте МЧС и АДС",door,1,typo,заклинило дверь
"ЧТО ЗА ДЕЛО?! Входная дверь сломалась и заблокировала нас в подъезде! Если не приедете немедленно, будем жаловаться в ГЖИ и МЧС!",door,1,emotional,блокировка выхода
Дверь подъезда не открыть. Квартира горит. Срочно!,door,1,short,аварийная блокировка
"Здравствуйте. Проживаю в подъезде №3, квартира 45. При движении лифта слышен сильный скрежет и гул, особенно в районе 5-го этажа. Прошу провести проверку и устранить неисправность. С уважением, Иванов.",lift,0,formal,Шум при движении лифта
здравствуйте это жительница второго подъезда хотела пожаловаться на лифт он как будто не вызывается жду по десять минут хотя кнопка горит может датчик сломался пришлите кого нибудь посмотреть,lift,0,voice,Долгое ожидание лифта
здрасти у нас в 4 подьезде не роботает кнопка вызова лифта на 3 этаже точнее нажимаешь а она не загорается и лифт не едет. почините плиз. кв 56,lift,0,typo,Не работает кнопка вызова
"Когда уже вы почините этот лифт?! Двери закрываются так медленно и с таким скрипом, что я каждый раз боюсь, что они вообще захлопнутся и я не успею выйти! Это не дело, мы вам платим за обслуживание! Напишу в ГЖИ, если не отреагируете!",lift,0,emotional,Заедают двери лифта
В лифте 1 подъезда не горит свет. Кв. 12.,lift,0,short,Нет освещения в кабине
"Прошу направить специалиста для проверки давления холодной воды в квартире №14. Напор очень слабый с утра до вечера, невозможно принять душ. Прошу принять меры в соответствии с правилами предоставления коммунальных услуг.",water,0,formal,Слабый напор ХВС
да здравствуйте тут кароче в ванной кран капает каждый день уже надоело вода просто так течёт придите почините а то я уже весь пол перетёр,water,0,voice,Капает кран
"злствйте у миня в туалете бачёк тичёт и н еперестаёт, когда нибуть придите пачините плиз, а то вода всё врэмя журчит",water,0,typo,Течёт бачок унитаза
"Когда вы уже займетесь водоснабжением?! Уже неделю напор горячей воды как из пипетки, помыться невозможно! Вы вообще работаете или только квитанции собираете? Пишу жалобу в ГЖИ, если не исправите!",water,0,emotional,Слабый напор ГВС
"кухонная раковина засорилась, вода уходит медленно",water,0,short,Засор раковины
"Здравствуйте! В подъезде №3 на площадке второго этажа сильно искрит электрический щиток, слышно потрескивание и чувствуется запах гари. Прошу немедленно направить аварийную службу, существует риск возгорания. Квартира 45, Иванова А.П.",light,1,formal,искрение щитка с запахом гари
алло адс у нас в подъезде щиток искрит сильно дым пошел кароче приезжайте скорее пожар будет,light,1,voice,дым и искрение электрощита
здравствуйте из щитка валит дым и искры летят на площадке 5 этаж подьезд 2 срочно вызывайте электрика боюсь загорится,light,1,typo,искрение проводов в щитке
"ДОКОЛЕ МОЖНО?! У НАС В ПОДЪЕЗДЕ ЩИТОК ИСКРИТ ТАК, ЧТО СТРАШНО ВЫХОДИТЬ! ВОНЯЕТ ГАРЬЮ, ВСЁ ТРЕЩИТ! ВЫ ЧТО, ЖДЁТЕ ПОЖАРА?! НЕМЕДЛЕННО ВЫЗЫВАЙТЕ АВАРИЙКУ, А НЕ ТО Я САМА В ГЖИ ПОЗВОНЮ И НА ВАС ЗАЯВЛЮ!",light,1,emotional,искрение и запах гари в щитовой
"Искрит проводка в щитке, дым! Срочно!",light,1,short,дым и искрение проводки
"Уважаемая управляющая компания, прошу провести осмотр балконной плиты в квартире 15, подъезд 3. Наблюдаются трещины и отслоение штукатурки, что может привести к дальнейшему разрушению. Прошу включить в план ремонтных работ.",other,0,formal,балконная плита
здрасьте тут балкон треснул в третьем подъезде на втором этаже не авария но страшновато заделайте плиту плиз,other,0,voice,трещина на балконе
соседний дом фасад обшарпаный а у нас тоже штукатурка осыпается падает на газон не на людей но прошу замазать дыры,other,0,typo,фасад
"Когда вы уже займетесь кровлей?! У нас в квартире после дождя на потолке желтые пятна, кровля течет! Пока не авария, но скоро все развалится. Вызывайте мастеров, а то в ГЖИ напишу!",other,0,emotional,кровля
Трещина на фасаде 1 подъезд.,other,0,short,фасад
"Здравствуйте, я житель квартиры 45, подъезд 3. Обращаюсь с просьбой отремонтировать доводчик на входной двери. Он слишком сильно захлопывает дверь, пожилым людям и детям тяжело её открывать. Прошу направить специалиста для регулировки.",door,0,formal,доводчик входной двери
алло здравствуйте это снова я с 5 этажа домофон в подъезде громко трещит и не открывает дверь с первого раза нажимаешь а он молчит потом открывает сам через минуту кароче надо бы починить,door,0,voice,неисправность домофона
добрый день у нас в 4 подъезде замок на двери в подвал заедает ключ проворачивается а язык не уходит дверь не открыть совсем хоть и не авария но мешает,door,0,typo,замок двери в подвал
"СКОЛЬКО МОЖНО ЖДАТЬ?! Дверь в подъезд уже месяц не закрывается нормально, её раздувает и она стоит нараспашку. В подъезде холодно, шумно, чужие ходят! Вы вообще работаете или только деньги собираете? Напишу в ГЖИ, если не почините на этой неделе!",door,0,emotional,неплотное прилегание двери
дверь в 1 подъезде скрипит ужасно,door,0,short,скрип двери
"В лифте между 5 и 6 этажом застряла моя соседка с ребёнком, слышны крики о помощи, лифт дёргается и пахнет горелой проводкой. Немедленно пришлите аварийную службу!",lift,1,formal,Застрял человек
алло кароче лифт встал на первом этаже двери не открываются я внутри нажимала кнопку вызова а оно молчит помогите,lift,1,voice,Застрял человек
лифт застрил с людьми на 9 этаже двери не открываються уже 20 минут дышать нечем приезжайте быстрее,lift,1,typo,Застрял человек
"ВЫ ЧТО ТАМ ВСЕ ПОСПАЛИ?! ЛИФТ ИСКРИТ И ДЫМ ИДЁТ, МЫ С РЕБЁНКОМ ВНУТРИ, ЕЩЁ НЕМНОГО И СГОРИМ ЗАЖИВО! НЕМЕДЛЕННО ВЫЗЫВАЙТЕ МЧС И АДС, ИНАЧЕ В ГЖИ ЗАЯВЛЕНИЕ НАПИШУ НА ВСЮ ВАШУ КОНТОРУ!",lift,1,emotional,Искрит/дым в лифте
"Люди в лифте, дверь заклинило!",lift,1,short,Застрял человек
"Здравствуйте, прошу провести влажную уборку в подъезде №4. На лестничной клетке уже несколько дней лежит мусор, пол давно не мыт. Прошу принять меры.",cleaning,0,formal,уборка подъезда
да здравствуйте это по поводу мусоропровода кароче он забит и воняет ужасно уже неделю сделайте что нибудь,cleaning,0,voice,засор мусоропровода
"Здравствуйте у ни нас во дворе не убироют мусаr валяется возле баков уже несколько дне, примите меры",cleaning,0,typo,мусор у контейнеров
"Да сколько можно! Уже который раз пишу! В нашем подъезде не убираются вообще! Грязь, окурки, пыль! Вы за что деньги берёте?! Если не уберёте - жалоба в ГЖИ!",cleaning,0,emotional,грязный подъезд
лифт грязный мусор в кабине,cleaning,0,short,грязь в лифте
"Здравствуйте, управляющая компания. С фасада дома №5 по улице Ленина отваливается штукатурка, куски падают на тротуар, где ходят люди. Необходима срочная ограждение и устранение угрозы. Квартира 12, подъезд 3.",other,1,formal,обрушение фасада
да здравствуйте это срочно у нас с крыши сосульки огромные висят прямо над входом в подъезд и уже начали падать чуть не задели человека надо срочно вызывать аварийную службу,other,1,voice,сосульки
"Здравствуйте! Балкон на 5 этаже валится, куски бетона отпадают и летят вниз. Оградите двор! Срочно! Кв 55",other,1,typo,аварийный балкон
"Это что за безобразие! У нас уже второй день с крыши течет, потолок в квартире рушится, и куски штукатурки с фасада летят на детскую площадку! Немедленно пришлите аварийную бригаду, или я сейчас же звоню в ГЖИ и прокуратуру! Вы что, хотите убить кого-нибудь?",other,1,emotional,протечка кровли
Кирпич с фасада упал у подъезда. Срочно!,other,1,short,падение кирпича
"В подъезде №3 на втором этаже не горит лампа освещения. Прошу заменить перегоревшую лампочку в срок, предусмотренный регламентом. Моя квартира №45.",light,0,formal,перегорела лампа в подъезде
здравствуйте это жительница пятого подъезда у нас на первом этаже мигает свет в холле как будто контакт пропадает посмотрите пожалуйста,light,0,voice,мигает свет в холле
"в 4 подезде на площадке между 2 и 3 етажом свет не работает уже неделю лампочка перегорела, замените",light,0,typo,перегорела лампа на лестнице
"Когда уже вы замените лампочку в нашем подъезде?! Третью неделю ходим в темноте, просто стыдно перед гостями. Я уже устала жаловаться, будьте добры исправить, а то напишу в ГЖИ!",light,0,emotional,долго не меняют лампу
"Не горит лампа в подъезде, 1 этаж.",light,0,short,перегорела лампа в подъезде
"Здравствуйте, в квартире 45 по адресу улица Ленина, дом 10, произошёл прорыв радиатора отопления. Горячая вода заливает пол, есть опасность затопления соседей снизу. Требуется срочный выезд аварийной службы.",heating,1,formal,прорыв радиатора
да здравствуйте у нас тут кароче батарея лопнула кипятком все заливает помогите приезжайте скорее,heating,1,voice,прорыв батареи
"из стаяка атапления хлещет кипяток, квартира заливает, нужна аварийка срочно",heating,1,typo,течь стояка
"Что за бардак! У нас в квартире радиатор разорвало, горячая вода фонтаном! Вы что, совсем не следите за системой?! Немедленно пришлите аварийную бригаду, я вызову ГЖИ и прокуратуру, если не приедете!",heating,1,emotional,разрыв радиатора
"Батарея лопнула, заливает, срочно!",heating,1,short,лопнула батарея
"В подвале третьего подъезда прорвало трубу с горячей водой, кипяток заливает пол, стоит пар и поднимается по стояку. Нужна срочная аварийная бригада, возможно, отключение воды.",water,1,formal,прорыв трубы ГВС
да здравствуйте у нас канализация засорилась все стоки лезут в ванну на первом этаже уже на полу вода грязная приезжайте срочно,water,1,voice,засор канализации
"срочно авариа у нас на стяке горячей воды течь сильно вода бежит по стене и заливает снизу, закройте стояк, квартира 45 подъзд 2",water,1,typo,утечка на стояке ГВС
"ДОКОЛЕ ЭТО БУДЕТ ПРОДОЛЖАТЬСЯ?! У НАС ПОЛНЫЙ ПОТОП ИЗ-ЗА ПРОРВАВШЕЙСЯ ТРУБЫ ХОЛОДНОЙ ВОДЫ, ВОДА ЛЬЕТ ПО ВСЕЙ КВАРТИРЕ, ВЫ ТАМ ЧТО ВСЕ СПИТЕ? НЕМЕДЛЕННО ПРИШЛИТЕ БРИГАДУ, ИЛИ Я ВЫЗОВУ МЧС И ГЖИ!",water,1,emotional,прорыв трубы ХВС
"у нас в подвале потоп, вода в щитке",water,1,short,затопление подвала
"Здравствуйте. Я проживаю в квартире 45, подъезд 3. Кнопка вызова лифта на пятом этаже не реагирует на нажатие. Прошу устранить неисправность в рабочее время.",lift,0,formal,кнопка вызова не работает
да здравствуйте это жительница с седьмого этажа подъезд два у нас лифт когда едет страшно гремит как будто щас развалится пришлите кого нибудь посмотреть пожалуйста,lift,0,voice,шум при движении
"Здравствуйте, лифт в первом подьезде плохо закрвает двери, приходистя ждать по минуте. Раньше такого не было. Почините плиз.",lift,0,typo,двери закрываются с задержкой
"Когда вы уже займетесь нашим лифтом?! Кнопки стерты до дыр, нажимаешь спичкой, кабина воняет, а вызвать его можно только с пятого раза! Я уже трижды писала, а воз и ныне там. Буду жаловаться в ГЖИ!",lift,0,emotional,кнопки стерты и не работают
Лифт не вызвать с первого этажа.,lift,0,short,лифт не приезжает на вызов
"В подъезде №3 сломался замок на единственной входной двери. Внутри подъезда ощущается запах дыма, люди не могут выйти на улицу. Прошу направить аварийную службу для немедленного вскрытия двери.",door,1,formal,заблокирован выход при задымлении
але это аварийка у нас дверь подвала оторвалась и висит на одной петле у первого подъезда щас на детей упадет примите заявку срочно,door,1,voice,сорвана дверь подвала
Здрасти у нас дверь в подезде захлопнулась а я на улице в тапках и без ключа замерзла уже час стою открыть не могу замок сломан приезжайте скорее кв 15 подезд 2,door,1,typo,захлопнулась входная дверь
"Да что у вас за двери такие?! Доводчик оторвался и дверью приложило ребенка! Жалобу в ГЖИ напишу, если сейчас же не приедете! АДС вызывайте немедленно!",door,1,emotional,травмирование доводчиком
Заклинило замок эвакуационного выхода. Мы внутри.,door,1,short,заклинило эвакуационный выход
"Здравствуйте, управляющая компания. Я проживаю в квартире 12, подъезд 3. В ванной комнате из крана с холодной водой идёт очень слабый напор, практически не течёт. Прошу принять меры и прислать мастера для проверки стояка. С уважением, Иванова А.П.",water,0,formal,слабый напор ХВС
здравствуйте кароче у нас вода из крана горячего водоснабжения еле тёплая вообще не греется как будто просто чуть тёплая и напор плохой сделайте что нибудь пожалуйста,water,0,voice,ГВС не греет
"ДД УО у нас в кухне засор канализации, вода уходит очен медленно, но не переливается. Пришлите сантехника желательно завтра. Кв 45 подезд 2",water,0,typo,засор канализации
"Это что за безобразие?! Уже неделю из крана в ванной вместо горячей воды еле тёплая струйка! Я плачу за горячую воду, а вы ничего не делаете! Надоело! Если не исправите, напишу жалобу в ГЖИ и прокуратуру! Немедленно примите меры!!",water,0,emotional,ГВС еле тёплая
"Холодная вода в кране, 5 подъезд, кв 78",water,0,short,холодная вода в кране
"В подъезде №3 возле электрощитка на первом этаже сильное искрение и запах гари. Прошу срочно направить аварийную бригаду, существует угроза возгорания.",light,1,formal,искрит щиток
да здравствуйте у нас в подъезде что то трещит и искрит из проводов в щитке пахнет горелым приезжайте скорее,light,1,voice,искрение проводов
В подезде 5 на 2 этаже щиток гудит и искрит видно пламя срочно придите у нас дети боятся,light,1,typo,возгорание щитка
"Вы что там все с ума посходили?! У нас в подъезде провода горят, искры летят, сейчас всё вспыхнет! Немедленно высылайте электриков, я вызову МЧС и в прокуратуру напишу!",light,1,emotional,горящие провода
"Искрит щиток, дым в подъезде, срочно!",light,1,short,дым из щитка
"Здравствуйте. Обращается житель квартиры 45, подъезд 3. Не работает доводчик на входной двери в подъезд. Дверь сильно хлопает, что мешает жителям первых этажей. Прошу заменить или отремонтировать доводчик в течение недели.",door,0,formal,доводчик двери
да здравствуйте тут домофон не работает в первом подъезде вообще не слышно и не открывает кнопка приходится спускаться на улицу сами понимаете неудобно сделайте что нибудь,door,0,voice,домофон не работает
ДВЕРЬ В ПОДВАЛ ОТКРЫТА ВТОРОЙ ДЕНЬ В НАШЕМ ПОДЪЕЗДЕ ТУДА ХОДЯТ ВСЯКИЕ БОМЖИ И ДЕТИ ЭТО ЖЕ ОПАСНО СДЕЛАЙТЕ ЧТО-НИБУДЬ ИЛИ ВЫ ДОЖДЕТЕСЬ ЧТО Я В ГЖИ ПОЖАЛУЮСЬ НА ВАШУ БЕЗДЕЯТЕЛЬНОСТЬ,door,0,emotional,дверь в подвал
входная дверь в подезде плохо закрываетса ключ с трудом поворачиваетса в замке уже неделю мучаюсь помогите подезд 5 кв 12,door,0,typo,замок входной двери
Дверь в подъезд не закрывается. Светит щель. Холодно.,door,0,short,входная дверь не закрывается
"Прошу провести уборку лестничной клетки в подъезде №3. На площадке второго этажа уже несколько дней валяется мусор, полы не мыты, перила пыльные. Просьба принять меры.",cleaning,0,formal,грязный подъезд
здравствуйте это из квартиры 15 у нас в подъезде на первом этаже мусоропровод забит и вокруг него все в мусоре уберите пожалуйста,cleaning,0,voice,забит мусоропровод
"здраствуйте! Возле подезда №2 валяются пакеты с мусором и ветки, прошу убрать. Уже давно не вывозят. Спасибо.",cleaning,0,typo,мусор во дворе
"Когда вы уже приберётесь в нашем дворе?! Вечно горы мусора, собаки гадят, баки переполнены! Напишу жалобу в ГЖИ, если не отреагируете! Немедленно наведите порядок!",cleaning,0,emotional,переполненные контейнеры
"Не вымыт подъезд, 5 этаж.",cleaning,0,short,не вымыт пол
"Уважаемая управляющая компания! Обращается житель квартиры 15 подъезда 3. В коридоре на потолке видны желтые разводы от протечки кровли. Протечка не активна, но требуется ремонт мягкой кровли над нашей секцией. Прошу включить в план текущего ремонта и провести осмотр.",other,0,formal,протечка кровли
здравствуйте тут кароче на балконе штукатурка от фасада отваливается кусками падают вниз но пока мелкие хотелось бы чтобы заделали пока не отвалилось совсем это квартира 7 подъезд 2,other,0,voice,отслоение штукатурки фасада
"Здравствйте, на фасаде дома со стороны двора оброзовалась трещина, идёт от окна первого этажа до крыши, похоже расходится. Прошу проверить и заделать, а то страшно. Кв 12.",other,0,typo,трещина на фасаде
"Когда вы уже займетесь козырьком над входом в подъезд?! Он весь проржавел, с него сыпется ржавчина, а при ветре так гремит, что спать невозможно. Я уже писала в ГЖИ, если не сделаете, опять буду жаловаться!",other,0,emotional,ржавление козырька
"Мелкие сосульки на крыше, уберите",other,0,short,сосульки
"Здравствуйте, обращаюсь по вопросу освещения в подъезде №3. На втором этаже не работает лампа в светильнике уже несколько дней. Прошу заменить перегоревшую лампу. С уважением, жилец кв. 42.",light,0,formal,отсутствие света в подъезде
да здравствуйте у нас в пятом подъезде свет в холле мигает как стробоскоп уже неделю страшно заходить поменяйте лампочку пожалуйста,light,0,voice,мигание света
здравствуйте. во 2 подьезде на 3 этаже не горит свет. лампочка перегорела. замените плиз. кв 15,light,0,typo,перегорела лампа
"Да сколько можно?! Уже месяц в нашем подъезде на первом этаже темень кромешная! Вы вообще работаете? Свет не можете починить! Жаловаться буду в ГЖИ, так и знайте! Кв. 7",light,0,emotional,долгое отсутствие освещения
Не горит свет в лифт холле 4 подъезд,light,0,short,не работает освещение холла
"Здравствуйте, с фасада дома по адресу ул. Мира, 12 прямо над входом в третий подъезд отваливается штукатурка, куски падают на крыльцо. Прошу срочно огородить опасный участок и убрать нависающие элементы, существует угроза жизни людей.",other,1,formal,отслоение штукатурки
да здравствуйте это житель пятого этажа у нас на балконе плита ходуном ходит щель огромная вниз смотреть страшно приезжайте скорее пока не обрушилось,other,1,voice,деформация балконной плиты
"я с 2 подъезда с крыши над козырьком висят агромные сосульки, упадут на голову, огородите лентой и сбейте срочно, а то я в газету напишу",other,1,typo,сосульки
"Вы вообще с ума сошли?! У нас с фасада кирпичи сыплются прямо на тротуар, рядом дети бегают! Немедленно огораживайте и вызывайте МЧС, а если кого-то зашибет, я на вас в суд подам!",other,1,emotional,падение кирпичей
"Кровля отходит, ветром рвет, скоро улетит. Срочно!",other,1,short,кровля
"Здравствуйте, я нахожусь в лифте в подъезде №3, кабина остановилась между 4 и 5 этажом, двери не открываются. Прошу срочно направить аварийную службу, так как я застрял в лифте. Мой номер телефона: 8-900-000-00-00.",lift,1,formal,застревание между этажами
але здравствуйте я в лифте застрял между этажами кажись третий и четвертый помогите быстрее душно,lift,1,voice,застревание в кабине
"Дравствуйте, я застрял в лефти подезд 5, двери не аткрываются, жду помощи, срочно пришлите мастера",lift,1,typo,не открываются двери
"Ужас! Я застрял в лифте уже 20 минут! Управляющая компания совсем ничего не делает! Вызывайте МЧС, если не можете починить! Это опасно для жизни! Я буду жаловаться в ГЖИ!",lift,1,emotional,длительное застревание
Я застрял в лифте. 2 подъезд. Помогите!,lift,1,short,застрял человек
"Уважаемая управляющая компания, прошу обратить внимание на неисправность кнопки вызова лифта в первом подъезде. Кнопка западает и не реагирует на нажатие. Прошу устранить проблему в кратчайшие сроки.",lift,0,formal,кнопка вызова не работает
да здравствуйте это из второй квартиры у нас лифт не работает уже третий день ходить пешком тяжело сделайте что нибудь,lift,0,voice,лифт не работает
"Здравствуйте, лифт в 3 подъзде шумит когда едет, страшно пользоваться. Исправте пожалйста.",lift,0,typo,шум при движении
"Когда вы уже почините лифт?! Уже неделю он еле ползает и двери закрываются прямо перед носом! Это безобразие, мы платим за обслуживание! Жалобу в ГЖИ напишу если не исправите!",lift,0,emotional,медленная работа и двери
"Лифт не открывает двери на 4 этаже, 2 подъезд.",lift,0,short,двери не открываются
Уважаемая управляющая компания! В подвале дома 5 по ул. Ленина произошёл прорыв трубы холодного водоснабжения. Вода заливает подвал и поднимается в первый подъезд. Прошу срочно направить аварийную бригаду для устранения аварии.,water,1,formal,прорыв трубы ХВС в подвале
але это адс у нас тут канализация засорилась из унитаза все лезет воняет жутко помогите адрес ленина 5 квартира 42,water,1,voice,засор канализации
здраствуйте у нас течет стояк горячей воды в подъезде вода кипиток льется по стенам срочно нужна аварийка ленина 5 подьезд 3,water,1,typo,утечка стояка ГВС
"Вы что, совсем не следите за домом?! У нас из-за засора канализации все стоки попёрли в квартиру! Вонь на весь подъезд! Немедленно вызывайте аварийную службу, а то я в прокуратуру позвоню! Это невозможно терпеть!",water,1,emotional,засор канализации
"У нас прорвало трубу, потоп. Аварийка!",water,1,short,прорыв трубы
"В подъезде №3 заклинило входную дверь, внутри находится пожилой жилец, который не может выйти. Просим немедленно направить аварийную службу для вскрытия двери.",door,1,formal,заклинило входную дверь
да здравствуйте у нас тут дверь в подвал захлопнулась а там ребенок маленький кричит помогите приезжайте скорее,door,1,voice,ребенок заперт в подвале
"срочно 2 подезд домофон не работает дверь открыть не можем а на лестнице гарь и дым, нервируемся, выламываем дверь",door,1,typo,"задымление, не открыть дверь"
"Вы что там все с ума посходили?! Дверь в подъезде заклинило, в тамбуре застряла женщина с коляской, она задыхается! Уголовка вам будет, немедленно высылайте людей!",door,1,emotional,застряла женщина с коляской
"Дверь не открыть, застряли люди",door,1,short,застряли люди
"Здравствуйте, я житель квартиры 25, подъезд 2. В моей квартире произошёл прорыв стояка отопления, горячая вода под давлением бьёт фонтаном, пол затоплен, есть угроза затопления соседей снизу. Прошу немедленно направить аварийную бригаду для перекрытия стояка и устранения аварии.",heating,1,formal,прорыв стояка отопления
да здравствуйте это квартира 12 подъезд один у нас лопнула батарея отопления горячая вода хлещет всё заливает пар стоит уберите пожалуйста приезжайте скорее уберите это,heating,1,voice,лопнул радиатор
"Здравствуйте! У нас в кварире авария! Течёт стаяк отопления, горячая вода льётся по стенам, уже всё парит. Приезжайте срочно, квартира 45, подъезд 3. Заранее спасибо.",heating,1,typo,течь стояка отопления
"Кошмар! У нас в квартире прорвало трубу отопления! Горячий кипяток фонтаном, пар валит, мы все в ужасе! Вы что, совсем не следите за системой?! Немедленно приезжайте, иначе я вызову ГЖИ и буду жаловаться во все инстанции! Квартира 7, подъезд 1!",heating,1,emotional,прорыв трубы отопления
"У меня течь батареи, кипяток, заливает. Кв. 33, п.4.",heating,1,short,течь радиатора
"Я, собственник квартиры №25, обращаю внимание на разрушение межпанельных швов на фасаде дома. Наблюдается трещина шириной около 2 см над балконом. Прошу провести обследование и включить в план текущего ремонта.",other,0,formal,трещина на фасаде
здрасти это снова я с третьего подъезда тут кароче балконная плита сыпется куски маленькие отлетают но не аварийно но надо бы заделать а то страшно,other,0,voice,разрушение балконной плиты
"На крыше дома лежит шифер и он скользит, но пока не падает. Сосед говорит надо убрать, а то упадет на голову. Придите посмотрите и закрепите. кв 7.",other,0,typo,слабый шифер на кровле
"Сколько можно ждать! У нас в подъезде потолок в пятнах, штукатурка сыпется на головы, а вы говорите плановый ремонт? Это издевательство! Жалобу в ГЖИ напишу, если не придете и не заделаете!",other,0,emotional,отслоение штукатурки в подъезде
"Скрипит дверь на чердак, закройте.",other,0,short,не закрывается дверь на чердак
"Здравствуйте. В подъезде № 1 дома № 12 на третьем этаже из электрического щитка идёт густой дым и слышно потрескивание. Прошу срочно направить аварийную бригаду, так как существует угроза пожара.",light,1,formal,задымление электрощита
алё у вас аварийка да в подъезде щиток искрит и дым уже пошел я боюсь приезжайте быстрее,light,1,voice,искрение щитка
здравствуйте у нас в 3 подъезде на 5 этаже из щитка искры летят и пахнет гарью срочно приезжайте пожар будет,light,1,typo,искры и запах гари
"Да что у вас за УО!!! Уже полчаса из электрощитка валит дым, искры во все стороны! Вы хотите нас всех спалить?! Немедленно вызывайте МЧС и приезжайте сами, я уже звоню в ГЖИ!!!",light,1,emotional,возгорание проводки
"У нас искрит щиток, дым, срочно!",light,1,short,искрение и дым
Здравствуйте. В квартире №45 на кухне засорилась раковина. Вода уходит очень медленно. Прошу направить сантехника для прочистки сифона и канализации в рабочее время.,water,0,formal,засор раковины
алло адс тут кароче в подвале второго подъезда трубу холодной воды капает и уже лужа на полу но не фонтанит так что пришлите кого нибудь посмотреть а то затопит всё,water,0,voice,течь трубы в подвале
здраствуйте у нас в квартре очень слабый напор горячей воды в ванне ваще не льется ели капает 5 подезд кв 120 придите почините,water,0,typo,слабый напор ГВС
"Когда вы уже сделаете нормальную разводку труб?! У нас в ванной уже месяц течет труба, я вся измучилась подставлять ведра. Плесень уже пошла! Я буду писать жалобу в ГЖИ, если ваши сантехники не придут на этой неделе!",water,0,emotional,течь трубы в квартире
Капает кран в ванной. Подъезд 3.,water,0,short,течь крана
"Здравствуйте. В подъезде №3 плохо закрывается входная дверь: доводчик не срабатывает, дверь остаётся приоткрытой. Прошу отрегулировать доводчик. Квартира 45.",door,0,formal,доводчик
да здравствуйте кароче домофон не работает кнопка открытия двери я стою у подъезда номер 2 не могу попасть домой сделайте что-нибудь,door,0,voice,домофон
"здраствуйте у нас в подвале дверь не запирается на замок откывается сама, магу поставить подпорку но лучше почините. подезд 5",door,0,typo,замок подвала
"Уважаемая управляющая компания, когда вы уже почините доводчик на двери первого подъезда?! Уже месяц дверь хлопает так, что стены трясутся, а вы только деньги собираете! Жаловаться буду в ГЖИ!",door,0,emotional,доводчик
"Не работает домофон, 4 подъезд.",door,0,short,домофон
"Здравствуйте, я проживаю в квартире 15, подъезд 3. В подъезде уже неделю не проводят влажную уборку, на полу грязь и листья. Прошу направить уборщицу для наведения порядка.",cleaning,0,formal,Грязный подъезд
да здравствуйте это из 12 квартиры у нас в подъезде мусоропровод забит и воняет просто ужасно примите заявку пожалуйста,cleaning,0,voice,Забит мусоропровод
"Здраствуйте, в нашем дворе у мусорных баков вечно грязно, всё раскидано. Уберите пожалуйста, а то невазможно пройти.",cleaning,0,typo,Мусор у баков
"Да сколько можно! Уже третью неделю во дворе грязь, мусор не вывозят, баки переполнены, всё разлетается! Я напишу жалобу в ГЖИ, если вы немедленно не наведёте порядок!",cleaning,0,emotional,Не вывозят мусор
"Подъезд грязный, уберите, 4 подъезд.",cleaning,0,short,Грязный подъезд
"Здравствуйте. Я житель квартиры 25 по улице Ленина, дом 10. Над входом в третий подъезд нависли огромные сосульки, одна уже откололась и упала в полуметре от прохожего. Прошу срочно вызвать АДС для их удаления, так как существует непосредственная угроза жизни людей.",other,1,formal,сосульки
"Вы что там совсем охренели?! С фасада нашего дома только что отвалился здоровенный кусок штукатурки и рухнул прямо рядом с детской площадкой! Чудом никого не убило! Я сейчас позвоню в ГЖИ и напишу заявление в прокуратуру, если вы немедленно не пришлете аварийную бригаду огородить опасный участок!",other,1,emotional,обрушение фасада
да здравствуйте это из 5 подъезда говорю у нас балконная плита треснула и висит на честном слове может рухнуть в любой момент под ней ходят люди сделайте что-нибудь срочно приезжайте,other,1,voice,аварийный балкон
"здраствуйте у нас на краше дома оторвался лист железа и теперь болтается на ветру, в любую секунду может слететь во двор. я уже вызывал аварийку вчера, но никто не приехал. если не примите меры, я буду жаловаться во все инстанции. наш адрес: 2-я Парковая, 7, подъезд 1",other,1,typo,кровля
Кирпич с фасада упал на тротуар. Чуть не убил человека. Срочно огородите!,other,1,short,падение кирпича
"Прошу срочно направить аварийную бригаду для устранения прорыва трубы горячего водоснабжения в подвале дома. Наблюдается интенсивная утечка кипятка, вода поднимается в подъезд, существует угроза затопления электрощитовой. Немедленно примите меры.",water,1,formal,прорыв трубы ГВС в подвале
алло диспетчер у нас потоп в квартире лопнула труба горячего водоснабжения на кухне вода хлещет не могу перекрыть приезжайте скорее,water,1,voice,прорыв трубы ГВС в квартире
"здраствуйте, унас в кв 12 прорвало стояк ГВС, вода кипяток течет по стене, квартру заливает, приезжайте срочно, авария",water,1,typo,прорыв стояка ГВС
"Вы что там все с ума посходили?! У нас в подъезде настоящий потоп! Канализация прорвалась, всё в дерьме, вонь на весь дом! Я уже вызвала МЧС, сейчас в ГЖИ позвоню! Немедленно приезжайте или я вас засужу!",water,1,emotional,засор канализации с розливом стоков
"Прорвало трубу с кипятком, заливает квартиру, спасайте!",water,1,short,прорыв трубы ГВС в квартире
"Здравствуйте. В подъезде №2 на третьем этаже перегорела лампа в светильнике на лестничной клетке. Прошу заменить её в рабочем порядке, так как освещения нет уже несколько дней.",light,0,formal,перегорела лампа в подъезде
да здравствуйте кароче у нас в первом подъезде на площадке между первым и вторым этажом свет мигает как стробоскоп и вообще не горит нормально сделайте что нибудь а то глаза ломает,light,0,voice,мигает свет на лестнице
"добрый день в 5 подезде на 1 етаже не роботает выключатель света в холле, нажмаеш а он щелкает и свет не загорается, почините пажалуйста",light,0,typo,неисправен выключатель в холле
"Когда уже вы замените лампочку в тамбуре у третьей квартиры?! У нас уже месяц темень, страшно вечером заходить, того гляди кто-нибудь ногу сломает! Или мне в ГЖИ на вас жалобу писать, чтобы вы хоть шевелиться начали?",light,0,emotional,долго не меняют лампу в тамбуре
"не работает подсветка в лифте, темно",light,0,short,нет света в кабине лифта
"Прошу незамедлительно направить аварийную бригаду: я застрял в лифте между первым и вторым этажом. Подъезд 3, дом 7 по ул. Садовая. Мне нужна медицинская помощь.",lift,1,formal,застрял между этажами
да здрасте у нас лифт застрял я внутри двери не открываются уже пол часа помогите пожалуйста быстрее,lift,1,voice,застрял человек в лифте
я в лифте 5 подъезд двери не открываються лифт дергается как будто щас упадет помогите,lift,1,typo,неисправность дверей
"ВЫ ЧТО ТАМ ВСЕ С УМА СОШЛИ! Я ЗАСТРЯЛ В ЛИФТЕ! ДВЕРИ ЗАКЛИНИЛО, ЛИФТ ТРЯСЕТ, СВЕТ МИГАЕТ! ЕСЛИ ВЫ СЕЙЧАС НЕ ПРИЕДЕТЕ, Я ВЫЗОВУ МЧС И ПОДАМ В СУД!",lift,1,emotional,заклинило двери
Застрял в лифте. Спасайте.,lift,1,short,застрял
"Здравствуйте, я житель квартиры 12, подъезд 3. В моей квартире лопнул радиатор отопления, горячая вода заливает пол, стоит пар. Прошу срочно направить аварийную бригаду, так как существует угроза затопления соседей и поражения электричеством.",heating,1,formal,прорыв радиатора
да здравствуйте кароче у нас батарея лопнула в зале кипяток течет пар стоит помогите аварийно приезжайте скорее,heating,1,voice,прорыв батареи
"здравствйте у меня на кухне течет стояк отопления горячая вода, все хлещет, немогу остановить. Приезжайте срочно!!",heating,1,typo,течь стояка отопления
"Вы что вообще за управляющая компания?! У нас в квартире прорвало отопление, горячая вода фонтаном, весь пол в кипятке! Срочно присылайте аварийку, иначе я вызову ГЖИ и залью вас заявлениями! Люди чуть не ошпарились!",heating,1,emotional,прорыв отопления
"У меня лопнула батарея, горячая вода, пар!",heating,1,short,лопнула батарея
"Здравствуйте. Прошу обратить внимание на лифт в первом подъезде. При вызове кабина не реагирует на нажатие кнопки, хотя индикатор показывает, что лифт работает. Просьба проверить и устранить неисправность.",lift,0,formal,не вызывается
да здравствуйте кароче лифт у нас во втором подъезде шумит сильно когда едет как будто скрежет какой то страшно но не критично наверное проверьте пожалуйста,lift,0,voice,шум при движении
"Здрасти. В лифте 3 подьезда не работает кнопка 5 этажа, нажимаю а она не нажимается. Кнопка вообще провалилась. Придите почините.",lift,0,typo,не работает кнопка
"Когда уже вы почините этот лифт?! В четвертом подъезде двери не закрываются уже неделю, приходится самой их придерживать. Это вообще законно? Я буду жаловаться в ГЖИ!",lift,0,emotional,двери не закрываются
В лифте 5 подъезд не горит свет,lift,0,short,нет подсветки
"Прошу срочно направить аварийно-диспетчерскую службу по адресу: ул. Ленина, д. 10, подъезд №3. Входная дверь заклинила в закрытом положении, жильцы не могут выйти на улицу. Внутри находится пожилая женщина, которой требуется медицинская помощь. Самостоятельно открыть дверь невозможно, требуется немедленное вмешательство.",door,1,formal,заклинило входную дверь
да здравствуйте кароче дверь в подъезде заклинило намертво мы тут все застряли внутри на первом этаже а у меня ребенок в садик надо вести и соседке плохо пришлите кого нибудь быстрее дверь вообще не открывается хоть ломайте,door,1,voice,люди заблокированы в подъезде
здрасти у нас дверь в подезде заклинило намертво не можм выйти с 5 подезда соседка с сердечным приступом внутри плиз пришлите аварийку двери сломана полностю,door,1,typo,заблокирован выход из подъезда
ВЫ ЧТО ВООБЩЕ ТАМ СОВСЕМ ОХРЕНЕЛИ?! ВХОДНАЯ ДВЕРЬ ЗАКЛИНИЛА И МЫ ЗАБЛОКИРОВАНЫ В ПОДЪЕЗДЕ! ТУТ БАБУШКА УЖЕ ПЛОХО СЕБЯ ЧУВСТВУЕТ! ЕСЛИ ЧТО СЛУЧИТСЯ Я НА ВАС В ГЖИ ЗАЯВЛЮ И В ПРОКУРАТУРУ! ПРИШЛИТЕ НЕМЕДЛЕННО АВАРИЙКУ!!!,door,1,emotional,аварийная блокировка двери
дверь заклинило люди заблокированы 1 подъезд срочно,door,1,short,"заклинило дверь, блокировка людей"
"Здравствуйте. В квартире 45, подъезд 3, батарея в спальне едва тёплая, хотя в остальных комнатах нормально. Прошу провести проверку и при необходимости развоздушить стояк.",heating,0,formal,Слабое нагревание батареи
да здравствуйте у нас в зале батарея один хрен холодная хотя на ощупь чуть теплая и вся батарея сверху холодная снизу горячая и булькает вода пришлите посмотрите,heating,0,voice,Завоздушивание радиатора
здраствуйте. в кухне стояк горячий а батарея холодная. и из крана маевского подтекает немного. можите прислать сантехника?,heating,0,typo,Течь крана Маевского
"Когда вы уже начнёте нормально работать?! В детской батареи ледяные уже третий день! Соседи в курсе, в УК никто не приходит! Жаловаться буду в ГЖИ! Немедленно примите меры!",heating,0,emotional,Холодная батарея в детской
Батарея чуть теплая. Подъезд 2. Квартира 78.,heating,0,short,Слабый нагрев батареи
"Здравствуйте, в подъезде №3 не закрывается доводчик на входной двери. Прошу заменить или отремонтировать.",door,0,formal,доводчик
здравствуйте это квартира 45 у нас домофон не работает в подъезде дверь не открывается кодом наберите,door,0,voice,домофон
"в первом подъезде заел замок на двери в подвал, ключ не поворачивается, откройте пожалуйста",door,0,typo,замок подвала
"Когда уже кто-нибудь починит доводчик на двери?! Он хлопает так, что стены трясутся! Сил нет! Жаловаться буду в ГЖИ!",door,0,emotional,доводчик
Дверь в подъезд не закрывается.,door,0,short,входная дверь
"Уважаемая управляющая компания! Прошу вас организовать плановые работы по удалению сосулек с козырька подъезда №3. Сосульки небольшие, но хотелось бы избежать их падения. Моя квартира №56. С уважением, Петров.",other,0,formal,сосульки
да здравствуйте это квартира 12 у нас на фасаде дома отходит штукатурка в районе третьего этажа над нашим окном не знаю опасно ли но пусть кто нибудь посмотрит,other,0,voice,фасад
"здраствуйте, поталок на лоджии в подтеках, кажеться кровля протекает, но не сильно, посмотрите пожалуйста, квартира 78",other,0,typo,протечка кровли
"Вы вообще работаете?! Балкон разваливается, с него куски сыпятся! Я боюсь туда выходить! Если не пришлете мастера, я напишу в ГЖИ и на вас в суд подам!",other,0,emotional,балкон
"Чердак закрыт, как попасть?",other,0,short,доступ на чердак
"Я, житель квартиры 15, подъезд 2, требую немедленно направить аварийную бригаду для устранения прорыва трубы горячего водоснабжения в подвале. Кипяток заливает подъезд и приближается к электрощитовой, есть угроза затопления и короткого замыкания. Прошу принять экстренные меры.",water,1,formal,прорыв трубы ГВС
да здравствуйте у нас кароче в ванной потоп из стояка вода хлещет не остановить приезжайте скорее а то всё затопит,water,1,voice,потоп из стояка
здраствуйте у нас в кв 45 засор канализации всё течёт из унитаза вода с дерьмом на полу приезжайте срочно аварийка,water,1,typo,засор канализации
"Вы что там совсем охренели?! У нас уже второй час потоп из-за прорванной трубы, вода кипятком хлещет, мы заливаем соседей! Если вы немедленно не пришлёте аварийную бригаду, я напишу жалобу в ГЖИ и прокуратуру!",water,1,emotional,прорыв трубы с кипятком
"Засор канализации, вода заливает квартиру, срочно!",water,1,short,засор канализации
"Здравствуйте! Я житель квартиры 42, подъезд 3. Лифт остановился между 5 и 6 этажами, внутри я и соседка из 56-й квартиры. Кабина не открывается, домофон не работает, мы заблокированы. Прошу немедленно направить аварийную бригаду для эвакуации.",lift,1,formal,застряли люди
да здравствуйте у нас лифт застрял с ребенком на четвертом этаже уже полчаса он плачет сделайте что-нибудь быстрее приезжайте,lift,1,voice,застрял ребенок
"Лифт в 1 подьезде падает рывками при движении с 9 этажа, я насилу вышел, сейчас боюсь пользоваться. Может упасть! Приезжайте срочно!!!",lift,1,typo,рывки при движении
"ВЫ ЧТО ТАМ ВСЕ ПОСПАЛИ?! ЛИФТ ЗАСТРЯЛ МЕЖДУ ЭТАЖАМИ, ВНУТРИ МАЛЕНЬКИЙ РЕБЕНОК И БАБУШКА! ЕСЛИ ЧТО СЛУЧИТСЯ — Я НАПИШУ ЖАЛОБУ В ПРОКУРАТУРУ И ГЖИ! НЕМЕДЛЕННО ВЫЗЫВАЙТЕ СПАСАТЕЛЕЙ!",lift,1,emotional,застряли люди
"Лифт дымится, помогите!",lift,1,short,дым из шахты
"Здравствуйте, это квартира 15. Из мусоропровода в третьем подъезде идёт густой дым и сильный запах гари. Похоже, там что-то загорелось. Требуется немедленный выезд аварийной службы и, возможно, МЧС. Прошу принять срочные меры, пока не начался пожар.",cleaning,1,formal,Задымление и запах гари из мусоропровода
алло аварийка тут кароче в первом подъезде на втором этаже весь пол усыпан битым стеклом и мусором кто-то разбил бутылки и не убрал ребенок уже порезался кровь срочно приезжайте убирать а то еще кто-нибудь пострадает,cleaning,1,voice,Битое стекло и травмоопасный мусор на лестнице
здрасти у нас в подезде на площадке 5 этажа разлита ртуть из разбитого градусника в ведре с мусором наверное кто-то выкинул и оно разбилось дети бегают дышат парами срочно пришлите службу по уборке ртути это же авария,cleaning,1,typo,Разлитая ртуть из разбитого градусника
"Да что ж у вас за управляющая компания?! Второй подъезд, первый этаж — мусорный бак у входа перевернут, из него вытекла какая-то химическая жижа, воняет так, что глаза слезятся! Люди скользят, дышат этой гадостью, дети рядом играют! Это аварийная ситуация, а не просто уборка! Немедленно вызывайте специалистов по опасным отходам, иначе я в ГЖИ и Роспотребнадзор напишу!",cleaning,1,emotional,Разлив химической жидкости из мусорного бака
Мусорный контейнер горит у третьего подъезда! Срочно тушите!,cleaning,1,short,Возгорание мусорного контейнера во дворе
"Здравствуйте, я проживаю в квартире 25, подъезд 3. На лестничной площадке 3-го этажа перегорела лампа освещения. Прошу заменить её в кратчайшие сроки.",light,0,formal,перегорела лампа
да здравствуйте это я житель пятого подъезда у нас на первом этаже не работает выключатель света вообще никак не включается примите меры,light,0,voice,не работает выключатель
"Здравствуйте! У нас в подезде 2 на площадке 5 этажа мигает лампа, жутко раздражает. Замените пожалуйста. Кв 54.",light,0,typo,мигает лампа
"Когда вы уже замените лампочку в нашем подъезде?! Уже две недели темнотища, хоть глаз выколи! Я уже упала на ступеньках, скоро в ГЖИ напишу! Вы вообще работаете?!",light,0,emotional,отсутствие освещения
У нас не горит свет в холле 1 подъезд,light,0,short,нет света в холле
"В квартире №45 по адресу ул. Ленина, д. 5, подъезд 2, произошёл прорыв радиатора отопления. Горячая вода заливает пол, существует угроза затопления нижележащих квартир. Прошу направить аварийную бригаду немедленно.",heating,1,formal,прорыв радиатора
да здравствуйте у нас батарея лопнула горячая вода хлещет всё заливает приезжайте скорее,heating,1,voice,лопнула батарея
"в кв 12 потёк стаяк отопления, горячая вода бежит, пол уже горячий, заливает саседей снизу, пришлите аварийку срочно",heating,1,typo,течь стояка
"Вы что там все с ума посходили?! У нас в квартире пар из батареи валит, кипяток на пол! Вы когда уже займетесь?! Я сейчас в ГЖИ позвоню и в прокуратуру! Немедленно пришлите аварийную службу!!!",heating,1,emotional,пар из батареи
"Радиатор лопнул, кипяток на полу",heating,1,short,лопнул радиатор
"Здравствуйте. Я, житель квартиры 45, подъезд 3, сообщаю о слабом напоре холодной воды. Напор снизился три дня назад и не восстановился. Прошу провести проверку и устранить неисправность.",water,0,formal,слабый напор
да здравствуйте у меня кароче засор в раковине вода уходит очень медленно уже второй день посмотрите пожалуйста,water,0,voice,засор канализации
"Здравствуйте, у миня капает кран на кухне, уже неделю, не могу уснуть. Подьезд 5 кв 12. Исправте.",water,0,typo,капает кран
"У меня уже неделю из крана с горячей водой течёт еле тёплая, а то и холодная! Это безобразие! Вы за что деньги собираете? Немедленно исправьте, иначе я напишу жалобу в ГЖИ и потребую перерасчёт!",water,0,emotional,нет горячей воды
"У меня шум в трубах, кв 2",water,0,short,шум в трубах
"Я, жилец квартиры 12, сообщаю: доводчик на входной двери подъезда №2 сломался, дверь захлопнулась и не открывается, в подъезде заблокированы люди, требуется немедленный выезд АДС для вскрытия.",door,1,formal,аварийный доводчик
да здравствуйте тут кароче домофон не работает а дверь в подъезд заперта и изза неё дым идёт мы не можем выйти помогите быстрее,door,1,voice,заблокирован выход
"Здраствуйте, у нас в подвале дверь сломана, замок не открываецо, а внутри шипит и пахнет газом, подскажите чё делать, открывайте срочно",door,1,typo,сломан замок подвала
"Вы вообще охренели?! Входную дверь в третьем подъезде опять заклинило, мы все как в мышеловке, у меня бабушка на втором этаже, ей плохо! Немедленно приезжайте, я на вас в ГЖИ пожалуюсь!",door,1,emotional,заклинило входную дверь
"Дверь не открыть, заперты, срочно приезжайте!",door,1,short,заблокирован выход
"Здравствуйте, прошу обратить внимание на состояние фасада нашего подъезда. На стене со стороны двора отошли несколько плиток облицовки, они пока не падают, но выглядят ненадежно. Прошу включить этот вопрос в план ремонтных работ.",other,0,formal,фасад
да здравствуйте кароче на крыше сосульки висят большие но пока не падают а просто страшно ходить когда тает прошу пришлите кого нибудь сбить их на следующей неделе,other,0,voice,сосульки
"Здрасте, у меня на балконе расшаталась перекладина перил, держится но шатается. Не авария, но надо бы закрепить, а то дети играют рядом. Подскажите когда сможете прислать мастера?",other,0,typo,балкон
"Когда вы уже займетесь крышей?! В подъезде после дождя все стены в разводах, штукатурка отваливается, но пока не течет на голову. Управляющая компания только деньги собирает, а ремонт делать не хочет! Жду ответа, иначе напишу в ГЖИ!",other,0,emotional,кровля
"Дверь на чердак не закрывается, сквозняк гуляет.",other,0,short,чердак
"Прошу принять меры по устранению неисправности кнопки вызова лифта в подъезде №2. При нажатии кнопка не реагирует, лифт не приезжает. Проживаю в квартире 25.",lift,0,formal,кнопка вызова не работает
да здравствуйте кароче лифт в третьем подъезде работает с каким то гудением как будто он устал и еще двери медленно закрываются я боюсь что застряну сделайте что нибудь,lift,0,voice,шум при работе лифта
"Лифт в первом подьезде не останавливается на 4 этаже, проезжает мимо, пришлось идти пешком. Кнопка нажата, но не срабатывает. Уже неделю. Исправьте пожалуйста.",lift,0,typo,не останавливается на этаже
"Когда вы уже почините лифт?! Кнопка вызова залипла, двери открываются сами по себе, страшно пользоваться! Вы только деньги собираете, а на обслуживание забили! Жалобу в ГЖИ напишу!",lift,0,emotional,самопроизвольное открытие дверей
"Лифт не едет, 5 подъезд",lift,0,short,лифт не работает
